place_id,name,category,subcategory,address,commune,district,province,latitude,longitude,google_maps_url,phone,website,business_status,opening_hours,price_level,rating,review_count,photos,photo_urls,review_samples,keywords,description,short_description,tags,slug,search_keywords,tourism_category,travel_tags,recommended_duration,best_visit_time,family_friendly,couple_friendly,kids_friendly,parking,wifi,ticket_required,confidence_score,is_active
PL002,Hồ Soài So,Hồ nước,,"Sườn núi Cô Tô, Thị trấn Tri Tôn, Tri Tôn, An Giang",Thị trấn Tri Tôn,Tri Tôn,An Giang,10.405,105.025,"https://maps.google.com/?q=10.405,105.025",,,OPERATIONAL,06:00 - 18:00,Miễn phí,4.5,670,,,,"tri ton, thị trấn tri tôn, bay nui, an giang, that son, hồ soài so, attractions_nature",,,"tri tôn, bảy núi, an giang, Tri Tôn, attractions_nature",ho-soai-so,"tri ton, thị trấn tri tôn, bay nui, an giang, that son, hồ soài so, attractions_nature",attractions_nature,"tri tôn, bảy núi, an giang, Tri Tôn, attractions_nature",2 - 3 giờ,Cả ngày (Chiều mát đẹp nhất),True,True,True,True,False,False,95.0,True
PL003,Hồ Soài Chék,Hồ nước,,"Xã Núi Tô, Tri Tôn, An Giang",Xã Núi Tô,Tri Tôn,An Giang,10.416,105.019,"https://maps.google.com/?q=10.416,105.019",,,OPERATIONAL,06:00 - 18:00,Miễn phí,4.5,320,,,,"tri ton, xã núi tô, hồ soài chék, bay nui, an giang, that son, attractions_nature",,,"attractions_nature, tri tôn, Núi Tô, bảy núi, an giang",ho-soai-chek,"tri ton, xã núi tô, hồ soài chék, bay nui, an giang, that son, attractions_nature",attractions_nature,"attractions_nature, tri tôn, Núi Tô, bảy núi, an giang",2 - 3 giờ,Cả ngày (Chiều mát đẹp nhất),True,True,True,True,False,False,95.0,True
PL004,Hồ Ô Thum,Hồ nước,,"Xã Ô Lâm, Tri Tôn, An Giang",Xã Ô Lâm,Tri Tôn,An Giang,10.378,104.992,"https://maps.google.com/?q=10.378,104.992",,,OPERATIONAL,07:00 - 20:00,Miễn phí,4.6,1890,,,,"xã ô lâm, tri ton, hồ ô thum, attractions_nature, bay nui, that son, an giang",,,"tri tôn, Ô Lâm, bảy núi, an giang, attractions_nature",ho-o-thum,"xã ô lâm, tri ton, hồ ô thum, attractions_nature, bay nui, that son, an giang",attractions_nature,"tri tôn, Ô Lâm, bảy núi, an giang, attractions_nature",2 - 3 giờ,Cả ngày (Chiều mát đẹp nhất),True,True,True,True,False,False,95.0,True
PL005,Hồ Ô Tà Sóc,Hồ nước,,"Xã Lương Phi, Tri Tôn, An Giang",Xã Lương Phi,Tri Tôn,An Giang,10.456,104.952,"https://maps.google.com/?q=10.456,104.952",,,OPERATIONAL,07:00 - 17:00,Miễn phí,4.5,520,,,,"tri ton, xã lương phi, attractions_nature, bay nui, an giang, that son, hồ ô tà sóc",,,"Lương Phi, attractions_nature, tri tôn, bảy núi, an giang",ho-o-ta-soc,"tri ton, xã lương phi, attractions_nature, bay nui, an giang, that son, hồ ô tà sóc",attractions_nature,"Lương Phi, attractions_nature, tri tôn, bảy núi, an giang",2 - 3 giờ,Cả ngày (Chiều mát đẹp nhất),True,True,True,True,False,False,95.0,True
PL006,Hồ Ô Tà Lọt,Hồ nước,,"Xã An Hảo, Tri Tôn, An Giang",Xã An Hảo,Tri Tôn,An Giang,10.478,104.962,"https://maps.google.com/?q=10.478,104.962",,,OPERATIONAL,07:00 - 17:00,Miễn phí,4.5,290,,,,"tri ton, attractions_nature, hồ ô tà lọt, bay nui, xã an hảo, that son, an giang",,,"tri tôn, bảy núi, an giang, An Hảo, attractions_nature",ho-o-ta-lot,"tri ton, attractions_nature, hồ ô tà lọt, bay nui, xã an hảo, that son, an giang",attractions_nature,"tri tôn, bảy núi, an giang, An Hảo, attractions_nature",2 - 3 giờ,Cả ngày (Chiều mát đẹp nhất),True,True,True,True,False,False,95.0,True
PL007,Hồ Đá Latina,Hồ nước,,"Xã An Hảo, Tri Tôn, An Giang",Xã An Hảo,Tri Tôn,An Giang,10.482,105.002,"https://maps.google.com/?q=10.482,105.002",,,OPERATIONAL,Tự do,Miễn phí,4.5,940,,,,"tri ton, hồ đá latina, bay nui, xã an hảo, an giang, that son, attractions_nature",,,"tri tôn, bảy núi, an giang, An Hảo, attractions_nature",ho-da-latina,"tri ton, hồ đá latina, bay nui, xã an hảo, an giang, that son, attractions_nature",attractions_nature,"tri tôn, bảy núi, an giang, An Hảo, attractions_nature",2 - 3 giờ,Cả ngày (Chiều mát đẹp nhất),True,True,True,True,False,False,95.0,True
PL008,Núi Cô Tô (Phụng Hoàng Sơn),Núi,,"Xã Núi Tô, Tri Tôn, An Giang",Xã Núi Tô,Tri Tôn,An Giang,10.4,105.015,"https://maps.google.com/?q=10.4,105.015",,,OPERATIONAL,Tự do,Miễn phí,4.7,1120,,,,"tri ton, núi cô tô (phụng hoàng sơn), xã núi tô, bay nui, an giang, that son, attractions_nature",,,"attractions_nature, tri tôn, Núi Tô, bảy núi, an giang",nui-co-to-phung-hoang-son,"tri ton, núi cô tô (phụng hoàng sơn), xã núi tô, bay nui, an giang, that son, attractions_nature",attractions_nature,"attractions_nature, tri tôn, Núi Tô, bảy núi, an giang",2 - 3 giờ,Cả ngày (Chiều mát đẹp nhất),True,True,True,True,False,False,95.0,True
PL009,Đá Vồ Hội Mẹ Cô Tô,Săn mây,,"Đỉnh Núi Cô Tô, Xã Núi Tô, Tri Tôn, An Giang",Xã Núi Tô,Tri Tôn,An Giang,10.401,105.016,"https://maps.google.com/?q=10.401,105.016",,,OPERATIONAL,Tự do,Miễn phí,4.8,890,,,,"tri ton, xã núi tô, đá vồ hội mẹ cô tô, bay nui, an giang, that son, attractions_nature",,,"attractions_nature, tri tôn, Núi Tô, bảy núi, an giang",da-vo-hoi-me-co-to,"tri ton, xã núi tô, đá vồ hội mẹ cô tô, bay nui, an giang, that son, attractions_nature",attractions_nature,"attractions_nature, tri tôn, Núi Tô, bảy núi, an giang",2 - 3 giờ,Cả ngày (Chiều mát đẹp nhất),True,True,True,True,False,False,95.0,True
PL010,Khu Du Lịch Đồi Tức Dụp,Di tích lịch sử,,"Ấp Ninh Hòa, Xã An Tức, Tri Tôn, An Giang",Xã An Tức,Tri Tôn,An Giang,10.3702,104.9667,"https://maps.google.com/?q=10.3702,104.9667",,,OPERATIONAL,07:00 - 17:00,60.000 VNĐ,4.5,2100,,,,"tri ton, khu du lịch đồi tức dụp, bay nui, xã an tức, khmer_pagodas_heritage, that son, an giang",,,"An Tức, tri tôn, bảy núi, khmer_pagodas_heritage, an giang",khu-du-lich-doi-tuc-dup,"tri ton, khu du lịch đồi tức dụp, bay nui, xã an tức, khmer_pagodas_heritage, that son, an giang",khmer_pagodas_heritage,"An Tức, tri tôn, bảy núi, khmer_pagodas_heritage, an giang",1 - 1.5 giờ,Sáng sớm (07:00 - 09:30),True,True,True,True,False,False,95.0,True
PL011,Cánh Đồng Lúa Tà Pạ,Cánh đồng,,"Xã Núi Tô, Tri Tôn, An Giang",Xã Núi Tô,Tri Tôn,An Giang,10.418,105.009,"https://maps.google.com/?q=10.418,105.009",,,OPERATIONAL,Tự do,Miễn phí,4.8,1500,,,,"cánh đồng lúa tà pạ, tri ton, xã núi tô, bay nui, an giang, that son, attractions_nature",,,"attractions_nature, tri tôn, Núi Tô, bảy núi, an giang",canh-dong-lua-ta-pa,"cánh đồng lúa tà pạ, tri ton, xã núi tô, bay nui, an giang, that son, attractions_nature",attractions_nature,"attractions_nature, tri tôn, Núi Tô, bảy núi, an giang",2 - 3 giờ,Cả ngày (Chiều mát đẹp nhất),True,True,True,True,False,False,95.0,True
PL012,Rừng Tầm Vông Ô Tà Sóc,Rừng sinh thái,,"Xã Lương Phi, Tri Tôn, An Giang",Xã Lương Phi,Tri Tôn,An Giang,10.457,104.953,"https://maps.google.com/?q=10.457,104.953",,,OPERATIONAL,07:00 - 17:00,Miễn phí,4.6,410,,,,"tri ton, xã lương phi, rừng tầm vông ô tà sóc, bay nui, an giang, that son, attractions_nature",,,"Lương Phi, attractions_nature, tri tôn, bảy núi, an giang",rung-tam-vong-o-ta-soc,"tri ton, xã lương phi, rừng tầm vông ô tà sóc, bay nui, an giang, that son, attractions_nature",attractions_nature,"Lương Phi, attractions_nature, tri tôn, bảy núi, an giang",2 - 3 giờ,Cả ngày (Chiều mát đẹp nhất),True,True,True,True,False,False,95.0,True
PL013,Cánh Đồng Lúa Ba Chúc,Cánh đồng,,"Thị trấn Ba Chúc, Tri Tôn, An Giang",Thị trấn Ba Chúc,Tri Tôn,An Giang,10.493,104.905,"https://maps.google.com/?q=10.493,104.905",,,OPERATIONAL,Tự do,Miễn phí,4.6,350,,,,"tri ton, attractions_nature, bay nui, cánh đồng lúa ba chúc, thị trấn ba chúc, that son, an giang",,,"tri tôn, bảy núi, Ba Chúc, an giang, attractions_nature",canh-dong-lua-ba-chuc,"tri ton, attractions_nature, bay nui, cánh đồng lúa ba chúc, thị trấn ba chúc, that son, an giang",attractions_nature,"tri tôn, bảy núi, Ba Chúc, an giang, attractions_nature",2 - 3 giờ,Cả ngày (Chiều mát đẹp nhất),True,True,True,True,False,False,95.0,True
PL014,Vườn Nho Nông Trại Ô Thum,Nông trại,,"Hồ Ô Thum, Xã Ô Lâm, Tri Tôn, An Giang",Xã Ô Lâm,Tri Tôn,An Giang,10.3782,104.9912,"https://maps.google.com/?q=10.3782,104.9912",,,OPERATIONAL,07:30 - 17:30,10.000 VNĐ,4.5,520,,,,"xã ô lâm, tri ton, attractions_nature, bay nui, vườn nho nông trại ô thum, that son, an giang",,,"tri tôn, Ô Lâm, bảy núi, an giang, attractions_nature",vuon-nho-nong-trai-o-thum,"xã ô lâm, tri ton, attractions_nature, bay nui, vườn nho nông trại ô thum, that son, an giang",attractions_nature,"tri tôn, Ô Lâm, bảy núi, an giang, attractions_nature",2 - 3 giờ,Cả ngày (Chiều mát đẹp nhất),True,True,True,True,False,False,95.0,True
PL015,Vườn Mãng Cầu Núi Tô,Nông trại,,"Sườn Núi Tô, Tri Tôn, An Giang",Xã Núi Tô,Tri Tôn,An Giang,10.408,105.021,"https://maps.google.com/?q=10.408,105.021",,,OPERATIONAL,07:00 - 17:00,Miễn phí,4.5,280,,,,"tri ton, xã núi tô, bay nui, vườn mãng cầu núi tô, an giang, that son, attractions_nature",,,"attractions_nature, tri tôn, Núi Tô, bảy núi, an giang",vuon-mang-cau-nui-to,"tri ton, xã núi tô, bay nui, vườn mãng cầu núi tô, an giang, that son, attractions_nature",attractions_nature,"attractions_nature, tri tôn, Núi Tô, bảy núi, an giang",2 - 3 giờ,Cả ngày (Chiều mát đẹp nhất),True,True,True,True,False,False,95.0,True
PL016,Suối Vàng Soài So,Suối sinh thái,,"Thị trấn Tri Tôn, An Giang",Thị trấn Tri Tôn,Tri Tôn,An Giang,10.4055,105.0255,"https://maps.google.com/?q=10.4055,105.0255",,,OPERATIONAL,07:00 - 17:00,Miễn phí,4.5,430,,,,"tri ton, thị trấn tri tôn, suối vàng soài so, bay nui, an giang, that son, attractions_nature",,,"tri tôn, bảy núi, an giang, Tri Tôn, attractions_nature",suoi-vang-soai-so,"tri ton, thị trấn tri tôn, suối vàng soài so, bay nui, an giang, that son, attractions_nature",attractions_nature,"tri tôn, bảy núi, an giang, Tri Tôn, attractions_nature",2 - 3 giờ,Cả ngày (Chiều mát đẹp nhất),True,True,True,True,False,False,95.0,True
PL017,Núi Dài (Ngọa Long Sơn),Núi,,"Xã Lương Phi, Tri Tôn, An Giang",Xã Lương Phi,Tri Tôn,An Giang,10.45,104.94,"https://maps.google.com/?q=10.45,104.94",,,OPERATIONAL,Tự do,Miễn phí,4.6,390,,,,"tri ton, xã lương phi, núi dài (ngọa long sơn), bay nui, an giang, that son, attractions_nature",,,"Lương Phi, attractions_nature, tri tôn, bảy núi, an giang",nui-dai-ngoa-long-son,"tri ton, xã lương phi, núi dài (ngọa long sơn), bay nui, an giang, that son, attractions_nature",attractions_nature,"Lương Phi, attractions_nature, tri tôn, bảy núi, an giang",2 - 3 giờ,Cả ngày (Chiều mát đẹp nhất),True,True,True,True,False,False,95.0,True
PL018,Cánh Đồng Thốt Nốt Chau Lăng,Cánh đồng,,"Xã Chau Lăng, Tri Tôn, An Giang",Xã Chau Lăng,Tri Tôn,An Giang,10.437,105.003,"https://maps.google.com/?q=10.437,105.003",,,OPERATIONAL,Tự do,Miễn phí,4.6,610,,,,"tri ton, bay nui, an giang, that son, cánh đồng thốt nốt chau lăng, attractions_nature, xã chau lăng",,,"tri tôn, bảy núi, Chau Lăng, an giang, attractions_nature",canh-dong-thot-not-chau-lang,"tri ton, bay nui, an giang, that son, cánh đồng thốt nốt chau lăng, attractions_nature, xã chau lăng",attractions_nature,"tri tôn, bảy núi, Chau Lăng, an giang, attractions_nature",2 - 3 giờ,Cả ngày (Chiều mát đẹp nhất),True,True,True,True,False,False,95.0,True
PL019,Vách Đá Đứng Latina,Check-in thiên nhiên,,"Xã An Hảo, Tri Tôn, An Giang",Xã An Hảo,Tri Tôn,An Giang,10.4825,105.0025,"https://maps.google.com/?q=10.4825,105.0025",,,OPERATIONAL,Tự do,Miễn phí,4.6,480,,,,"tri ton, vách đá đứng latina, bay nui, xã an hảo, checkin_spots, that son, an giang",,,"tri tôn, checkin_spots, bảy núi, An Hảo, an giang",vach-da-dung-latina,"tri ton, vách đá đứng latina, bay nui, xã an hảo, checkin_spots, that son, an giang",checkin_spots,"tri tôn, checkin_spots, bảy núi, An Hảo, an giang",30 - 45 phút,Sáng (07:30 - 09:00) & Hoàng hôn (16:30 - 17:30),True,True,True,True,False,False,95.0,True
PL020,Bãi Thả Diều Hoàng Hôn Tri Tôn,Tọa độ chill hoàng hôn,,"Sân đua bò Tri Tôn, An Giang",Thị trấn Tri Tôn,Tri Tôn,An Giang,10.4122,105.0082,"https://maps.google.com/?q=10.4122,105.0082",,,OPERATIONAL,16:00 - 18:30,Miễn phí,4.8,1150,,,,"tri ton, thị trấn tri tôn, bay nui, an giang, that son, bãi thả diều hoàng hôn tri tôn, attractions_nature",,,"tri tôn, bảy núi, an giang, Tri Tôn, attractions_nature",bai-tha-dieu-hoang-hon-tri-ton,"tri ton, thị trấn tri tôn, bay nui, an giang, that son, bãi thả diều hoàng hôn tri tôn, attractions_nature",attractions_nature,"tri tôn, bảy núi, an giang, Tri Tôn, attractions_nature",2 - 3 giờ,Cả ngày (Chiều mát đẹp nhất),True,True,True,True,False,False,95.0,True
CK001,Con Đường Tuyến Tránh Tri Tôn (ĐT941 - ĐT948),Cung đường ngắm núi Cô Tô chill nhất An Giang,,"Tuyến đường tránh kết nối ĐT941 - ĐT948, Tri Tôn, An Giang",Thị trấn Tri Tôn,Tri Tôn,An Giang,10.419,105.012,"https://maps.google.com/?q=10.419,105.012",,,OPERATIONAL,Tự do (Chiều 16:00 - 17:30 đẹp nhất),Miễn phí,4.9,2100,,,,"tri ton, thị trấn tri tôn, con đường tuyến tránh tri tôn (đt941 - đt948), bay nui, checkin_spots, that son, an giang",,,"tri tôn, checkin_spots, bảy núi, Tri Tôn, an giang",con-duong-tuyen-tranh-tri-ton-dt941-dt948,"tri ton, thị trấn tri tôn, con đường tuyến tránh tri tôn (đt941 - đt948), bay nui, checkin_spots, that son, an giang",checkin_spots,"tri tôn, checkin_spots, bảy núi, Tri Tôn, an giang",30 - 45 phút,Sáng (07:30 - 09:00) & Hoàng hôn (16:30 - 17:30),True,True,True,True,False,False,95.0,True
CK002,Con Đường Tơ Lụa Tà Pạ,Con đường tơ lụa,,"Đồng lúa Tà Pạ, Xã Núi Tô, Tri Tôn, An Giang",Xã Núi Tô,Tri Tôn,An Giang,10.4185,105.0095,"https://maps.google.com/?q=10.4185,105.0095",,,OPERATIONAL,Tự do,Miễn phí,4.8,1280,,,,"tri ton, xã núi tô, bay nui, checkin_spots, con đường tơ lụa tà pạ, that son, an giang",,,"tri tôn, Núi Tô, checkin_spots, bảy núi, an giang",con-duong-to-lua-ta-pa,"tri ton, xã núi tô, bay nui, checkin_spots, con đường tơ lụa tà pạ, that son, an giang",checkin_spots,"tri tôn, Núi Tô, checkin_spots, bảy núi, an giang",30 - 45 phút,Sáng (07:30 - 09:00) & Hoàng hôn (16:30 - 17:30),True,True,True,True,False,False,95.0,True
CK003,Con Đường Tơ Lụa Soài Chék,Con đường tơ lụa,,"Ven hồ Soài Chék, Xã Núi Tô, Tri Tôn, An Giang",Xã Núi Tô,Tri Tôn,An Giang,10.4162,105.0188,"https://maps.google.com/?q=10.4162,105.0188",,,OPERATIONAL,Tự do,Miễn phí,4.7,890,,,,"tri ton, xã núi tô, bay nui, checkin_spots, that son, con đường tơ lụa soài chék, an giang",,,"tri tôn, Núi Tô, checkin_spots, bảy núi, an giang",con-duong-to-lua-soai-chek,"tri ton, xã núi tô, bay nui, checkin_spots, that son, con đường tơ lụa soài chék, an giang",checkin_spots,"tri tôn, Núi Tô, checkin_spots, bảy núi, an giang",30 - 45 phút,Sáng (07:30 - 09:00) & Hoàng hôn (16:30 - 17:30),True,True,True,True,False,False,95.0,True
CK004,Con Đường Vòm Còng Châu Lăng,Con đường nhiếp ảnh,,"Ấp An Hòa, Xã Chau Lăng, Tri Tôn, An Giang",Xã Chau Lăng,Tri Tôn,An Giang,10.4355,105.0015,"https://maps.google.com/?q=10.4355,105.0015",,,OPERATIONAL,Tự do,Miễn phí,4.7,940,,,,"tri ton, bay nui, checkin_spots, con đường vòm còng châu lăng, that son, an giang, xã chau lăng",,,"tri tôn, checkin_spots, bảy núi, Chau Lăng, an giang",con-duong-vom-cong-chau-lang,"tri ton, bay nui, checkin_spots, con đường vòm còng châu lăng, that son, an giang, xã chau lăng",checkin_spots,"tri tôn, checkin_spots, bảy núi, Chau Lăng, an giang",30 - 45 phút,Sáng (07:30 - 09:00) & Hoàng hôn (16:30 - 17:30),True,True,True,True,False,False,95.0,True
CK005,Con Đường Thốt Nốt Ô Lâm - Cô Tô,Con đường nhiếp ảnh,,"Tuyến đường Ô Lâm - Núi Tô, Tri Tôn, An Giang",Xã Ô Lâm,Tri Tôn,An Giang,10.38,104.995,"https://maps.google.com/?q=10.38,104.995",,,OPERATIONAL,Tự do,Miễn phí,4.6,720,,,,"xã ô lâm, tri ton, bay nui, checkin_spots, an giang, that son, con đường thốt nốt ô lâm - cô tô",,,"tri tôn, Ô Lâm, bảy núi, checkin_spots, an giang",con-duong-thot-not-o-lam-co-to,"xã ô lâm, tri ton, bay nui, checkin_spots, an giang, that son, con đường thốt nốt ô lâm - cô tô",checkin_spots,"tri tôn, Ô Lâm, bảy núi, checkin_spots, an giang",30 - 45 phút,Sáng (07:30 - 09:00) & Hoàng hôn (16:30 - 17:30),True,True,True,True,False,False,95.0,True
CK006,Con Đường Tre Tầm Vông Ô Tà Sóc,Con đường nhiếp ảnh,,"Xã Lương Phi, Tri Tôn, An Giang",Xã Lương Phi,Tri Tôn,An Giang,10.4565,104.9525,"https://maps.google.com/?q=10.4565,104.9525",,,OPERATIONAL,Tự do,Miễn phí,4.7,610,,,,"tri ton, xã lương phi, bay nui, checkin_spots, that son, con đường tre tầm vông ô tà sóc, an giang",,,"Lương Phi, tri tôn, checkin_spots, bảy núi, an giang",con-duong-tre-tam-vong-o-ta-soc,"tri ton, xã lương phi, bay nui, checkin_spots, that son, con đường tre tầm vông ô tà sóc, an giang",checkin_spots,"Lương Phi, tri tôn, checkin_spots, bảy núi, an giang",30 - 45 phút,Sáng (07:30 - 09:00) & Hoàng hôn (16:30 - 17:30),True,True,True,True,False,False,95.0,True
CK007,Cung Đường Ven Vách Đá Núi Dài (Lương Phi),Cung đường phượt ngắm núi,,"Tuyến Lương Phi - Lê Trì, Tri Tôn, An Giang",Xã Lương Phi,Tri Tôn,An Giang,10.458,104.945,"https://maps.google.com/?q=10.458,104.945",,,OPERATIONAL,Tự do,Miễn phí,4.7,540,,,,"tri ton, xã lương phi, cung đường ven vách đá núi dài (lương phi), bay nui, an giang, that son, attractions_nature",,,"Lương Phi, attractions_nature, tri tôn, bảy núi, an giang",cung-duong-ven-vach-da-nui-dai-luong-phi,"tri ton, xã lương phi, cung đường ven vách đá núi dài (lương phi), bay nui, an giang, that son, attractions_nature",attractions_nature,"Lương Phi, attractions_nature, tri tôn, bảy núi, an giang",2 - 3 giờ,Cả ngày (Chiều mát đẹp nhất),True,True,True,True,False,False,95.0,True
CK008,Cung Đường Biên Giới Kênh Vĩnh Tế (Ba Chúc),Cung đường biên giới,,"Tuyến Ba Chúc - Lạc Quới, Tri Tôn, An Giang",Thị trấn Ba Chúc,Tri Tôn,An Giang,10.498,104.901,"https://maps.google.com/?q=10.498,104.901",,,OPERATIONAL,Tự do,Miễn phí,4.7,680,,,,"tri ton, cung đường biên giới kênh vĩnh tế (ba chúc), attractions_nature, bay nui, thị trấn ba chúc, that son, an giang",,,"tri tôn, bảy núi, Ba Chúc, an giang, attractions_nature",cung-duong-bien-gioi-kenh-vinh-te-ba-chuc,"tri ton, cung đường biên giới kênh vĩnh tế (ba chúc), attractions_nature, bay nui, thị trấn ba chúc, that son, an giang",attractions_nature,"tri tôn, bảy núi, Ba Chúc, an giang, attractions_nature",2 - 3 giờ,Cả ngày (Chiều mát đẹp nhất),True,True,True,True,False,False,95.0,True
CK009,Hàng Thốt Nốt Trái Tim An Tức,Điểm check-in biểu tượng,,"Xã An Tức, Tri Tôn, An Giang",Xã An Tức,Tri Tôn,An Giang,10.3895,104.985,"https://maps.google.com/?q=10.3895,104.985",,,OPERATIONAL,Tự do,Miễn phí,4.7,1560,,,,"tri ton, hàng thốt nốt trái tim an tức, bay nui, xã an tức, checkin_spots, that son, an giang",,,"An Tức, tri tôn, checkin_spots, bảy núi, an giang",hang-thot-not-trai-tim-an-tuc,"tri ton, hàng thốt nốt trái tim an tức, bay nui, xã an tức, checkin_spots, that son, an giang",checkin_spots,"An Tức, tri tôn, checkin_spots, bảy núi, an giang",30 - 45 phút,Sáng (07:30 - 09:00) & Hoàng hôn (16:30 - 17:30),True,True,True,True,False,False,95.0,True
CK010,Cổng Trời Tri Tôn Vòm Khmer,Điểm check-in biểu tượng,,"Xã Chau Lăng, Tri Tôn, An Giang",Xã Chau Lăng,Tri Tôn,An Giang,10.441,105.002,"https://maps.google.com/?q=10.441,105.002",,,OPERATIONAL,Tự do,Miễn phí,4.7,1320,,,,"tri ton, bay nui, checkin_spots, that son, cổng trời tri tôn vòm khmer, an giang, xã chau lăng",,,"tri tôn, checkin_spots, bảy núi, Chau Lăng, an giang",cong-troi-tri-ton-vom-khmer,"tri ton, bay nui, checkin_spots, that son, cổng trời tri tôn vòm khmer, an giang, xã chau lăng",checkin_spots,"tri tôn, checkin_spots, bảy núi, Chau Lăng, an giang",30 - 45 phút,Sáng (07:30 - 09:00) & Hoàng hôn (16:30 - 17:30),True,True,True,True,False,False,95.0,True
CK011,Cây Thốt Nốt Cô Độc Chau Lăng,Điểm check-in độc đáo,,"Xã Chau Lăng, Tri Tôn, An Giang",Xã Chau Lăng,Tri Tôn,An Giang,10.439,105.0035,"https://maps.google.com/?q=10.439,105.0035",,,OPERATIONAL,Tự do,Miễn phí,4.6,540,,,,"tri ton, bay nui, checkin_spots, cây thốt nốt cô độc chau lăng, that son, an giang, xã chau lăng",,,"tri tôn, checkin_spots, bảy núi, Chau Lăng, an giang",cay-thot-not-co-doc-chau-lang,"tri ton, bay nui, checkin_spots, cây thốt nốt cô độc chau lăng, that son, an giang, xã chau lăng",checkin_spots,"tri tôn, checkin_spots, bảy núi, Chau Lăng, an giang",30 - 45 phút,Sáng (07:30 - 09:00) & Hoàng hôn (16:30 - 17:30),True,True,True,True,False,False,95.0,True
CK013,Cầu Gỗ Giữa Đồng Lúa Ruộng Coffee,Điểm check-in sống ảo,,"Xã Núi Tô, Tri Tôn, An Giang",Xã Núi Tô,Tri Tôn,An Giang,10.4152,105.0182,"https://maps.google.com/?q=10.4152,105.0182",,,OPERATIONAL,06:30 - 18:30,Miễn phí,4.7,780,,,,"tri ton, xã núi tô, bay nui, checkin_spots, an giang, that son, cầu gỗ giữa đồng lúa ruộng coffee",,,"tri tôn, Núi Tô, checkin_spots, bảy núi, an giang",cau-go-giua-dong-lua-ruong-coffee,"tri ton, xã núi tô, bay nui, checkin_spots, an giang, that son, cầu gỗ giữa đồng lúa ruộng coffee",checkin_spots,"tri tôn, Núi Tô, checkin_spots, bảy núi, an giang",30 - 45 phút,Sáng (07:30 - 09:00) & Hoàng hôn (16:30 - 17:30),True,True,True,True,False,False,95.0,True
CK014,Đá Vồ Hội Đổ (Mỏm Đá Sống Ảo),Tọa độ săn ảnh đỉnh núi,,"Đỉnh Núi Cô Tô, Xã Núi Tô, Tri Tôn, An Giang",Xã Núi Tô,Tri Tôn,An Giang,10.4015,105.0165,"https://maps.google.com/?q=10.4015,105.0165",,,OPERATIONAL,Tự do,Miễn phí,4.8,920,,,,"tri ton, xã núi tô, bay nui, checkin_spots, that son, đá vồ hội đổ (mỏm đá sống ảo), an giang",,,"tri tôn, Núi Tô, checkin_spots, bảy núi, an giang",da-vo-hoi-do-mom-da-song-ao,"tri ton, xã núi tô, bay nui, checkin_spots, that son, đá vồ hội đổ (mỏm đá sống ảo), an giang",checkin_spots,"tri tôn, Núi Tô, checkin_spots, bảy núi, an giang",30 - 45 phút,Sáng (07:30 - 09:00) & Hoàng hôn (16:30 - 17:30),True,True,True,True,False,False,95.0,True
CK016,Nấc Thang Thiên Đường Kiều Tiên Ô Thum,Tiểu cảnh check-in,,"Hồ Ô Thum, Xã Ô Lâm, Tri Tôn, An Giang",Xã Ô Lâm,Tri Tôn,An Giang,10.3776,104.9926,"https://maps.google.com/?q=10.3776,104.9926",,,OPERATIONAL,08:00 - 19:00,Miễn phí,4.5,460,,,,"xã ô lâm, nấc thang thiên đường kiều tiên ô thum, tri ton, bay nui, checkin_spots, that son, an giang",,,"tri tôn, Ô Lâm, bảy núi, checkin_spots, an giang",nac-thang-thien-duong-kieu-tien-o-thum,"xã ô lâm, nấc thang thiên đường kiều tiên ô thum, tri ton, bay nui, checkin_spots, that son, an giang",checkin_spots,"tri tôn, Ô Lâm, bảy núi, checkin_spots, an giang",30 - 45 phút,Sáng (07:30 - 09:00) & Hoàng hôn (16:30 - 17:30),True,True,True,True,False,False,95.0,True
CK017,Căn Nhà Gỗ Vintage Nhà Quê,Góc chụp Đà Lạt,,"Thị trấn Tri Tôn, An Giang",Thị trấn Tri Tôn,Tri Tôn,An Giang,10.4112,105.0052,"https://maps.google.com/?q=10.4112,105.0052",,,OPERATIONAL,06:30 - 21:00,Miễn phí,4.6,520,,,,"tri ton, thị trấn tri tôn, căn nhà gỗ vintage nhà quê, bay nui, an giang, that son, attractions_nature",,,"tri tôn, bảy núi, an giang, Tri Tôn, attractions_nature",can-nha-go-vintage-nha-que,"tri ton, thị trấn tri tôn, căn nhà gỗ vintage nhà quê, bay nui, an giang, that son, attractions_nature",attractions_nature,"tri tôn, bảy núi, an giang, Tri Tôn, attractions_nature",2 - 3 giờ,Cả ngày (Chiều mát đẹp nhất),True,True,True,True,False,False,95.0,True
CK018,Cầu Khỉ Giữa Cánh Đồng Thốt Nốt,Điểm check-in mộc mạc,,"Xã An Tức, Tri Tôn, An Giang",Xã An Tức,Tri Tôn,An Giang,10.388,104.986,"https://maps.google.com/?q=10.388,104.986",,,OPERATIONAL,Tự do,Miễn phí,4.6,380,,,,"tri ton, cầu khỉ giữa cánh đồng thốt nốt, bay nui, xã an tức, checkin_spots, that son, an giang",,,"An Tức, tri tôn, checkin_spots, bảy núi, an giang",cau-khi-giua-canh-dong-thot-not,"tri ton, cầu khỉ giữa cánh đồng thốt nốt, bay nui, xã an tức, checkin_spots, that son, an giang",checkin_spots,"An Tức, tri tôn, checkin_spots, bảy núi, an giang",30 - 45 phút,Sáng (07:30 - 09:00) & Hoàng hôn (16:30 - 17:30),True,True,True,True,False,False,95.0,True
CK019,Quầy Thốt Nốt Tươi Cụm Trái Tim,Góc giải khát chill,,"Chân cụm thốt nốt trái tim, Xã An Tức, Tri Tôn, An Giang",Xã An Tức,Tri Tôn,An Giang,10.3896,104.9851,"https://maps.google.com/?q=10.3896,104.9851",,,OPERATIONAL,07:00 - 18:00,10k - 20k,4.7,640,,,,"tri ton, bay nui, xã an tức, checkin_spots, that son, an giang, quầy thốt nốt tươi cụm trái tim",,,"An Tức, tri tôn, checkin_spots, bảy núi, an giang",quay-thot-not-tuoi-cum-trai-tim,"tri ton, bay nui, xã an tức, checkin_spots, that son, an giang, quầy thốt nốt tươi cụm trái tim",checkin_spots,"An Tức, tri tôn, checkin_spots, bảy núi, an giang",30 - 45 phút,Sáng (07:30 - 09:00) & Hoàng hôn (16:30 - 17:30),True,True,True,True,False,False,95.0,True
CK020,Biển Hiệu Ở Đây Không Có Gì Ngoài Ký Ức,Góc ảnh Việt phục cổ trang,,"Thị trấn Tri Tôn, An Giang",Thị trấn Tri Tôn,Tri Tôn,An Giang,10.4062,105.0232,"https://maps.google.com/?q=10.4062,105.0232",,,OPERATIONAL,07:00 - 21:00,Miễn phí,4.7,420,,,,"tri ton, thị trấn tri tôn, bay nui, an giang, that son, biển hiệu ở đây không có gì ngoài ký ức, attractions_nature",,,"tri tôn, bảy núi, an giang, Tri Tôn, attractions_nature",bien-hieu-o-day-khong-co-gi-ngoai-ky-uc,"tri ton, thị trấn tri tôn, bay nui, an giang, that son, biển hiệu ở đây không có gì ngoài ký ức, attractions_nature",attractions_nature,"tri tôn, bảy núi, an giang, Tri Tôn, attractions_nature",2 - 3 giờ,Cả ngày (Chiều mát đẹp nhất),True,True,True,True,False,False,95.0,True
HG001,Chùa Tà Pạ (Chùa Núi),Chùa Khmer,,"Đồi Tà Pạ, Xã Núi Tô, Tri Tôn, An Giang",Xã Núi Tô,Tri Tôn,An Giang,10.4208,105.0135,"https://maps.google.com/?q=10.4208,105.0135",,,OPERATIONAL,06:00 - 18:00,Miễn phí,4.7,890,,,,"tri ton, chùa tà pạ (chùa núi), xã núi tô, bay nui, khmer_pagodas_heritage, that son, an giang",,,"tri tôn, Núi Tô, bảy núi, khmer_pagodas_heritage, an giang",chua-ta-pa-chua-nui,"tri ton, chùa tà pạ (chùa núi), xã núi tô, bay nui, khmer_pagodas_heritage, that son, an giang",khmer_pagodas_heritage,"tri tôn, Núi Tô, bảy núi, khmer_pagodas_heritage, an giang",1 - 1.5 giờ,Sáng sớm (07:00 - 09:30),True,True,True,True,False,False,95.0,True
HG002,Chùa Xà Tón (Wat Xvayton),Chùa Khmer cổ,,"Khóm 3, Thị trấn Tri Tôn, Tri Tôn, An Giang",Thị trấn Tri Tôn,Tri Tôn,An Giang,10.4132,105.0088,"https://maps.google.com/?q=10.4132,105.0088",,,OPERATIONAL,06:00 - 18:00,Miễn phí,4.7,890,,,,"tri ton, thị trấn tri tôn, chùa xà tón (wat xvayton), bay nui, khmer_pagodas_heritage, that son, an giang",,,"tri tôn, bảy núi, khmer_pagodas_heritage, Tri Tôn, an giang",chua-xa-ton-wat-xvayton,"tri ton, thị trấn tri tôn, chùa xà tón (wat xvayton), bay nui, khmer_pagodas_heritage, that son, an giang",khmer_pagodas_heritage,"tri tôn, bảy núi, khmer_pagodas_heritage, Tri Tôn, an giang",1 - 1.5 giờ,Sáng sớm (07:00 - 09:30),True,True,True,True,False,False,95.0,True
HG003,Chùa Hàng Còng (Krăng Krốch),Chùa Khmer cổ,,"Ấp An Hòa, Xã Chau Lăng, Tri Tôn, An Giang",Xã Chau Lăng,Tri Tôn,An Giang,10.435,105.001,"https://maps.google.com/?q=10.435,105.001",,,OPERATIONAL,06:00 - 18:00,Miễn phí,4.6,780,,,,"tri ton, bay nui, khmer_pagodas_heritage, that son, an giang, chùa hàng còng (krăng krốch), xã chau lăng",,,"tri tôn, bảy núi, Chau Lăng, khmer_pagodas_heritage, an giang",chua-hang-cong-krang-kroch,"tri ton, bay nui, khmer_pagodas_heritage, that son, an giang, chùa hàng còng (krăng krốch), xã chau lăng",khmer_pagodas_heritage,"tri tôn, bảy núi, Chau Lăng, khmer_pagodas_heritage, an giang",1 - 1.5 giờ,Sáng sớm (07:00 - 09:30),True,True,True,True,False,False,95.0,True
HG004,Chùa Cổng Trời Koh Kas,Chùa Khmer,,"Ấp An Hòa, Xã Chau Lăng, Tri Tôn, An Giang",Xã Chau Lăng,Tri Tôn,An Giang,10.441,105.002,"https://maps.google.com/?q=10.441,105.002",,,OPERATIONAL,06:00 - 18:00,Miễn phí,4.6,1320,,,,"tri ton, bay nui, khmer_pagodas_heritage, that son, chùa cổng trời koh kas, an giang, xã chau lăng",,,"tri tôn, bảy núi, Chau Lăng, khmer_pagodas_heritage, an giang",chua-cong-troi-koh-kas,"tri ton, bay nui, khmer_pagodas_heritage, that son, chùa cổng trời koh kas, an giang, xã chau lăng",khmer_pagodas_heritage,"tri tôn, bảy núi, Chau Lăng, khmer_pagodas_heritage, an giang",1 - 1.5 giờ,Sáng sớm (07:00 - 09:30),True,True,True,True,False,False,95.0,True
HG005,Khu Di Tích Nhà Mồ Ba Chúc,Di tích Quốc gia,,"Thị trấn Ba Chúc, Tri Tôn, An Giang",Thị trấn Ba Chúc,Tri Tôn,An Giang,10.495,104.908,"https://maps.google.com/?q=10.495,104.908",,,OPERATIONAL,07:00 - 17:00,Miễn phí,4.7,1340,,,,"tri ton, khu di tích nhà mồ ba chúc, bay nui, khmer_pagodas_heritage, thị trấn ba chúc, that son, an giang",,,"tri tôn, bảy núi, Ba Chúc, khmer_pagodas_heritage, an giang",khu-di-tich-nha-mo-ba-chuc,"tri ton, khu di tích nhà mồ ba chúc, bay nui, khmer_pagodas_heritage, thị trấn ba chúc, that son, an giang",khmer_pagodas_heritage,"tri tôn, bảy núi, Ba Chúc, khmer_pagodas_heritage, an giang",1 - 1.5 giờ,Sáng sớm (07:00 - 09:30),True,True,True,True,False,False,95.0,True
HG006,Chùa Phi Lai Ba Chúc,Chùa tâm linh,,"Thị trấn Ba Chúc, Tri Tôn, An Giang",Thị trấn Ba Chúc,Tri Tôn,An Giang,10.4945,104.9075,"https://maps.google.com/?q=10.4945,104.9075",,,OPERATIONAL,06:00 - 18:00,Miễn phí,4.6,520,,,,"tri ton, chùa phi lai ba chúc, bay nui, khmer_pagodas_heritage, thị trấn ba chúc, that son, an giang",,,"tri tôn, bảy núi, Ba Chúc, khmer_pagodas_heritage, an giang",chua-phi-lai-ba-chuc,"tri ton, chùa phi lai ba chúc, bay nui, khmer_pagodas_heritage, thị trấn ba chúc, that son, an giang",khmer_pagodas_heritage,"tri tôn, bảy núi, Ba Chúc, khmer_pagodas_heritage, an giang",1 - 1.5 giờ,Sáng sớm (07:00 - 09:30),True,True,True,True,False,False,95.0,True
HG007,Chùa Tam Bửu Ba Chúc,Chùa tâm linh,,"Thị trấn Ba Chúc, Tri Tôn, An Giang",Thị trấn Ba Chúc,Tri Tôn,An Giang,10.4955,104.9085,"https://maps.google.com/?q=10.4955,104.9085",,,OPERATIONAL,06:00 - 18:00,Miễn phí,4.6,480,,,,"tri ton, chùa tam bửu ba chúc, bay nui, khmer_pagodas_heritage, thị trấn ba chúc, that son, an giang",,,"tri tôn, bảy núi, Ba Chúc, khmer_pagodas_heritage, an giang",chua-tam-buu-ba-chuc,"tri ton, chùa tam bửu ba chúc, bay nui, khmer_pagodas_heritage, thị trấn ba chúc, that son, an giang",khmer_pagodas_heritage,"tri tôn, bảy núi, Ba Chúc, khmer_pagodas_heritage, an giang",1 - 1.5 giờ,Sáng sớm (07:00 - 09:30),True,True,True,True,False,False,95.0,True
HG008,Khu Di Tích Căn Cứ Ô Tà Sóc,Di tích lịch sử,,"Xã Lương Phi, Tri Tôn, An Giang",Xã Lương Phi,Tri Tôn,An Giang,10.456,104.952,"https://maps.google.com/?q=10.456,104.952",,,OPERATIONAL,07:00 - 17:00,Miễn phí,4.6,520,,,,"tri ton, xã lương phi, bay nui, khmer_pagodas_heritage, khu di tích căn cứ ô tà sóc, that son, an giang",,,"Lương Phi, tri tôn, bảy núi, khmer_pagodas_heritage, an giang",khu-di-tich-can-cu-o-ta-soc,"tri ton, xã lương phi, bay nui, khmer_pagodas_heritage, khu di tích căn cứ ô tà sóc, that son, an giang",khmer_pagodas_heritage,"Lương Phi, tri tôn, bảy núi, khmer_pagodas_heritage, an giang",1 - 1.5 giờ,Sáng sớm (07:00 - 09:30),True,True,True,True,False,False,95.0,True
HG009,Chùa Soài So Khmer,Chùa Khmer,,"Thị trấn Tri Tôn, An Giang",Thị trấn Tri Tôn,Tri Tôn,An Giang,10.406,105.024,"https://maps.google.com/?q=10.406,105.024",,,OPERATIONAL,06:00 - 18:00,Miễn phí,4.5,310,,,,"tri ton, thị trấn tri tôn, bay nui, khmer_pagodas_heritage, that son, chùa soài so khmer, an giang",,,"tri tôn, bảy núi, khmer_pagodas_heritage, Tri Tôn, an giang",chua-soai-so-khmer,"tri ton, thị trấn tri tôn, bay nui, khmer_pagodas_heritage, that son, chùa soài so khmer, an giang",khmer_pagodas_heritage,"tri tôn, bảy núi, khmer_pagodas_heritage, Tri Tôn, an giang",1 - 1.5 giờ,Sáng sớm (07:00 - 09:30),True,True,True,True,False,False,95.0,True
HG010,Chùa Mới Ô Lâm,Chùa Khmer,,"Xã Ô Lâm, Tri Tôn, An Giang",Xã Ô Lâm,Tri Tôn,An Giang,10.379,104.993,"https://maps.google.com/?q=10.379,104.993",,,OPERATIONAL,06:00 - 18:00,Miễn phí,4.5,270,,,,"xã ô lâm, tri ton, bay nui, chùa mới ô lâm, khmer_pagodas_heritage, that son, an giang",,,"tri tôn, Ô Lâm, bảy núi, khmer_pagodas_heritage, an giang",chua-moi-o-lam,"xã ô lâm, tri ton, bay nui, chùa mới ô lâm, khmer_pagodas_heritage, that son, an giang",khmer_pagodas_heritage,"tri tôn, Ô Lâm, bảy núi, khmer_pagodas_heritage, an giang",1 - 1.5 giờ,Sáng sớm (07:00 - 09:30),True,True,True,True,False,False,95.0,True
FD001,Quán Siêu Gà Đốt Ô Thum (Chau Siêu),Gà Đốt Ô Thum,,"Tỉnh lộ 15, Ấp Phước Thọ, Xã Ô Lâm, Tri Tôn, An Giang",Xã Ô Lâm,Tri Tôn,An Giang,10.3785,104.9915,"https://maps.google.com/?q=10.3785,104.9915",,,OPERATIONAL,09:00 - 18:00,250k - 320k,4.6,1450,,,,"xã ô lâm, tri ton, bay nui, food_and_restaurants, an giang, that son, quán siêu gà đốt ô thum (chau siêu)",,,"tri tôn, food_and_restaurants, Ô Lâm, bảy núi, an giang",quan-sieu-ga-dot-o-thum-chau-sieu,"xã ô lâm, tri ton, bay nui, food_and_restaurants, an giang, that son, quán siêu gà đốt ô thum (chau siêu)",food_and_restaurants,"tri tôn, food_and_restaurants, Ô Lâm, bảy núi, an giang",45 - 60 phút,Trưa (11:00 - 13:30) & Tối (17:30 - 20:00),True,True,True,True,True,False,95.0,True
FD002,Quán Kiều Tiên Gà Đốt Ô Thum,Gà Đốt Ô Thum,,"Hồ Ô Thum, Xã Ô Lâm, Tri Tôn, An Giang",Xã Ô Lâm,Tri Tôn,An Giang,10.3775,104.9925,"https://maps.google.com/?q=10.3775,104.9925",,,OPERATIONAL,08:00 - 19:30,250k - 330k,4.5,920,,,,"xã ô lâm, tri ton, quán kiều tiên gà đốt ô thum, bay nui, food_and_restaurants, that son, an giang",,,"tri tôn, food_and_restaurants, Ô Lâm, bảy núi, an giang",quan-kieu-tien-ga-dot-o-thum,"xã ô lâm, tri ton, quán kiều tiên gà đốt ô thum, bay nui, food_and_restaurants, that son, an giang",food_and_restaurants,"tri tôn, food_and_restaurants, Ô Lâm, bảy núi, an giang",45 - 60 phút,Trưa (11:00 - 13:30) & Tối (17:30 - 20:00),True,True,True,True,True,False,95.0,True
FD003,Gà Đốt Ô Thum Kim Suổl,Gà Đốt Ô Thum,,"Xã Ô Lâm, Tri Tôn, An Giang",Xã Ô Lâm,Tri Tôn,An Giang,10.379,104.993,"https://maps.google.com/?q=10.379,104.993",,,OPERATIONAL,06:00 - 23:00,260k - 350k,4.5,780,,,,"xã ô lâm, tri ton, bay nui, food_and_restaurants, an giang, that son, gà đốt ô thum kim suổl",,,"tri tôn, food_and_restaurants, Ô Lâm, bảy núi, an giang",ga-dot-o-thum-kim-suol,"xã ô lâm, tri ton, bay nui, food_and_restaurants, an giang, that son, gà đốt ô thum kim suổl",food_and_restaurants,"tri tôn, food_and_restaurants, Ô Lâm, bảy núi, an giang",45 - 60 phút,Trưa (11:00 - 13:30) & Tối (17:30 - 20:00),True,True,True,True,True,False,95.0,True
FD004,Gà Đốt Ô Thum Thảo Nguyên,Gà Đốt Ô Thum,,"Hồ Ô Thum, Xã Ô Lâm, Tri Tôn, An Giang",Xã Ô Lâm,Tri Tôn,An Giang,10.378,104.991,"https://maps.google.com/?q=10.378,104.991",,,OPERATIONAL,08:00 - 19:00,250k - 320k,4.5,810,,,,"xã ô lâm, tri ton, gà đốt ô thum thảo nguyên, bay nui, food_and_restaurants, that son, an giang",,,"tri tôn, food_and_restaurants, Ô Lâm, bảy núi, an giang",ga-dot-o-thum-thao-nguyen,"xã ô lâm, tri ton, gà đốt ô thum thảo nguyên, bay nui, food_and_restaurants, that son, an giang",food_and_restaurants,"tri tôn, food_and_restaurants, Ô Lâm, bảy núi, an giang",45 - 60 phút,Trưa (11:00 - 13:30) & Tối (17:30 - 20:00),True,True,True,True,True,False,95.0,True
FD005,Gà Đốt Vương Ngọc Ô Thum,Gà Đốt Ô Thum,,"Hồ Ô Thum, Xã Ô Lâm, Tri Tôn, An Giang",Xã Ô Lâm,Tri Tôn,An Giang,10.377,104.992,"https://maps.google.com/?q=10.377,104.992",,,OPERATIONAL,08:00 - 19:00,250k - 320k,4.4,450,,,,"xã ô lâm, tri ton, gà đốt vương ngọc ô thum, bay nui, food_and_restaurants, that son, an giang",,,"tri tôn, food_and_restaurants, Ô Lâm, bảy núi, an giang",ga-dot-vuong-ngoc-o-thum,"xã ô lâm, tri ton, gà đốt vương ngọc ô thum, bay nui, food_and_restaurants, that son, an giang",food_and_restaurants,"tri tôn, food_and_restaurants, Ô Lâm, bảy núi, an giang",45 - 60 phút,Trưa (11:00 - 13:30) & Tối (17:30 - 20:00),True,True,True,True,True,False,95.0,True
FD006,Quán Đu Đủ Đâm RiNa Khmer,Đặc sản Khmer,,"Sóc Phnôm Pi, Xã Chau Lăng, Tri Tôn, An Giang",Xã Chau Lăng,Tri Tôn,An Giang,10.438,105.003,"https://maps.google.com/?q=10.438,105.003",,,OPERATIONAL,12:00 - 19:00,20k - 35k,4.8,1680,,,,"tri ton, quán đu đủ đâm rina khmer, bay nui, food_and_restaurants, that son, an giang, xã chau lăng",,,"tri tôn, food_and_restaurants, bảy núi, Chau Lăng, an giang",quan-du-du-dam-rina-khmer,"tri ton, quán đu đủ đâm rina khmer, bay nui, food_and_restaurants, that son, an giang, xã chau lăng",food_and_restaurants,"tri tôn, food_and_restaurants, bảy núi, Chau Lăng, an giang",45 - 60 phút,Trưa (11:00 - 13:30) & Tối (17:30 - 20:00),True,True,True,True,True,False,95.0,True
FD007,Quán Đu Đủ Đâm Ly Ly,Đặc sản Khmer,,"Sóc Phnôm Pi, Xã Chau Lăng, Tri Tôn, An Giang",Xã Chau Lăng,Tri Tôn,An Giang,10.4385,105.0035,"https://maps.google.com/?q=10.4385,105.0035",,,OPERATIONAL,11:30 - 18:30,20k - 35k,4.6,720,,,,"tri ton, quán đu đủ đâm ly ly, bay nui, food_and_restaurants, that son, an giang, xã chau lăng",,,"tri tôn, food_and_restaurants, bảy núi, Chau Lăng, an giang",quan-du-du-dam-ly-ly,"tri ton, quán đu đủ đâm ly ly, bay nui, food_and_restaurants, that son, an giang, xã chau lăng",food_and_restaurants,"tri tôn, food_and_restaurants, bảy núi, Chau Lăng, an giang",45 - 60 phút,Trưa (11:00 - 13:30) & Tối (17:30 - 20:00),True,True,True,True,True,False,95.0,True
FD008,Quán Đu Đủ Đâm Ty Tri Tôn,Đặc sản Khmer,,"Xã Chau Lăng, Tri Tôn, An Giang",Xã Chau Lăng,Tri Tôn,An Giang,10.4375,105.0025,"https://maps.google.com/?q=10.4375,105.0025",,,OPERATIONAL,12:00 - 19:00,20k - 35k,4.5,510,,,,"tri ton, bay nui, food_and_restaurants, quán đu đủ đâm ty tri tôn, that son, an giang, xã chau lăng",,,"tri tôn, food_and_restaurants, bảy núi, Chau Lăng, an giang",quan-du-du-dam-ty-tri-ton,"tri ton, bay nui, food_and_restaurants, quán đu đủ đâm ty tri tôn, that son, an giang, xã chau lăng",food_and_restaurants,"tri tôn, food_and_restaurants, bảy núi, Chau Lăng, an giang",45 - 60 phút,Trưa (11:00 - 13:30) & Tối (17:30 - 20:00),True,True,True,True,True,False,95.0,True
FD009,Quán Bún Nước Lèo Sơ Nương Khmer,Bún nước lèo,,"Đường Trần Hưng Đạo, Thị trấn Tri Tôn, An Giang",Thị trấn Tri Tôn,Tri Tôn,An Giang,10.413,105.007,"https://maps.google.com/?q=10.413,105.007",,,OPERATIONAL,06:00 - 11:00,25k - 35k,4.7,890,,,,"tri ton, thị trấn tri tôn, bay nui, food_and_restaurants, that son, an giang, quán bún nước lèo sơ nương khmer",,,"tri tôn, food_and_restaurants, bảy núi, Tri Tôn, an giang",quan-bun-nuoc-leo-so-nuong-khmer,"tri ton, thị trấn tri tôn, bay nui, food_and_restaurants, that son, an giang, quán bún nước lèo sơ nương khmer",food_and_restaurants,"tri tôn, food_and_restaurants, bảy núi, Tri Tôn, an giang",45 - 60 phút,Trưa (11:00 - 13:30) & Tối (17:30 - 20:00),True,True,True,True,True,False,95.0,True
FD010,Quán Bún Nước Lèo Dook Tri Tôn,Bún nước lèo,,"Thị trấn Tri Tôn, An Giang",Thị trấn Tri Tôn,Tri Tôn,An Giang,10.4125,105.0065,"https://maps.google.com/?q=10.4125,105.0065",,,OPERATIONAL,06:00 - 11:00,25k - 35k,4.5,410,,,,"tri ton, thị trấn tri tôn, bay nui, food_and_restaurants, that son, quán bún nước lèo dook tri tôn, an giang",,,"tri tôn, food_and_restaurants, bảy núi, Tri Tôn, an giang",quan-bun-nuoc-leo-dook-tri-ton,"tri ton, thị trấn tri tôn, bay nui, food_and_restaurants, that son, quán bún nước lèo dook tri tôn, an giang",food_and_restaurants,"tri tôn, food_and_restaurants, bảy núi, Tri Tôn, an giang",45 - 60 phút,Trưa (11:00 - 13:30) & Tối (17:30 - 20:00),True,True,True,True,True,False,95.0,True
FD011,Lò Bánh Bò Thốt Nốt Nướng Út Cột,Đặc sản mua quà,,"Tỉnh Lộ 941, Xã Chau Lăng, Tri Tôn, An Giang",Xã Chau Lăng,Tri Tôn,An Giang,10.436,105.004,"https://maps.google.com/?q=10.436,105.004",,,OPERATIONAL,07:00 - 18:00,35k - 50k,4.8,1150,,,,"tri ton, bay nui, food_and_restaurants, lò bánh bò thốt nốt nướng út cột, that son, an giang, xã chau lăng",,,"tri tôn, food_and_restaurants, bảy núi, Chau Lăng, an giang",lo-banh-bo-thot-not-nuong-ut-cot,"tri ton, bay nui, food_and_restaurants, lò bánh bò thốt nốt nướng út cột, that son, an giang, xã chau lăng",food_and_restaurants,"tri tôn, food_and_restaurants, bảy núi, Chau Lăng, an giang",45 - 60 phút,Trưa (11:00 - 13:30) & Tối (17:30 - 20:00),True,True,True,True,True,False,95.0,True
FD012,Lò Bánh Bò Thốt Nốt Út Dứt,Đặc sản mua quà,,"Xã Chau Lăng, Tri Tôn, An Giang",Xã Chau Lăng,Tri Tôn,An Giang,10.4365,105.0045,"https://maps.google.com/?q=10.4365,105.0045",,,OPERATIONAL,07:00 - 18:00,35k - 50k,4.6,580,,,,"tri ton, bay nui, food_and_restaurants, that son, lò bánh bò thốt nốt út dứt, an giang, xã chau lăng",,,"tri tôn, food_and_restaurants, bảy núi, Chau Lăng, an giang",lo-banh-bo-thot-not-ut-dut,"tri ton, bay nui, food_and_restaurants, that son, lò bánh bò thốt nốt út dứt, an giang, xã chau lăng",food_and_restaurants,"tri tôn, food_and_restaurants, bảy núi, Chau Lăng, an giang",45 - 60 phút,Trưa (11:00 - 13:30) & Tối (17:30 - 20:00),True,True,True,True,True,False,95.0,True
FD013,Quán Bánh Canh Lò Rèn (>30 năm),Bánh canh,,"114 Trần Hưng Đạo, Thị trấn Tri Tôn, An Giang",Thị trấn Tri Tôn,Tri Tôn,An Giang,10.4135,105.0072,"https://maps.google.com/?q=10.4135,105.0072",,,OPERATIONAL,06:00 - 17:00,30k - 45k,4.7,890,,,,"tri ton, thị trấn tri tôn, bay nui, an giang, that son, quán bánh canh lò rèn (>30 năm), attractions_nature",,,"tri tôn, bảy núi, an giang, Tri Tôn, attractions_nature",quan-banh-canh-lo-ren-30-nam,"tri ton, thị trấn tri tôn, bay nui, an giang, that son, quán bánh canh lò rèn (>30 năm), attractions_nature",attractions_nature,"tri tôn, bảy núi, an giang, Tri Tôn, attractions_nature",2 - 3 giờ,Cả ngày (Chiều mát đẹp nhất),True,True,True,True,False,False,95.0,True
FD014,Quán Bò 7 Món Ba Chúc,Bò 7 món,,"Tỉnh lộ 955N, Thị trấn Ba Chúc, Tri Tôn, An Giang",Thị trấn Ba Chúc,Tri Tôn,An Giang,10.496,104.909,"https://maps.google.com/?q=10.496,104.909",,,OPERATIONAL,09:00 - 21:00,80k - 200k,4.6,670,,,,"tri ton, bay nui, food_and_restaurants, thị trấn ba chúc, that son, quán bò 7 món ba chúc, an giang",,,"tri tôn, food_and_restaurants, bảy núi, Ba Chúc, an giang",quan-bo-7-mon-ba-chuc,"tri ton, bay nui, food_and_restaurants, thị trấn ba chúc, that son, quán bò 7 món ba chúc, an giang",food_and_restaurants,"tri tôn, food_and_restaurants, bảy núi, Ba Chúc, an giang",45 - 60 phút,Trưa (11:00 - 13:30) & Tối (17:30 - 20:00),True,True,True,True,True,False,95.0,True
FD015,Quán Cháo Bò Trái Trúc Ba Chúc,Cháo bò,,"Thị trấn Ba Chúc, Tri Tôn, An Giang",Thị trấn Ba Chúc,Tri Tôn,An Giang,10.495,104.908,"https://maps.google.com/?q=10.495,104.908",,,OPERATIONAL,06:00 - 14:00,30k - 50k,4.6,520,,,,"tri ton, attractions_nature, bay nui, thị trấn ba chúc, that son, an giang, quán cháo bò trái trúc ba chúc",,,"tri tôn, bảy núi, Ba Chúc, an giang, attractions_nature",quan-chao-bo-trai-truc-ba-chuc,"tri ton, attractions_nature, bay nui, thị trấn ba chúc, that son, an giang, quán cháo bò trái trúc ba chúc",attractions_nature,"tri tôn, bảy núi, Ba Chúc, an giang, attractions_nature",2 - 3 giờ,Cả ngày (Chiều mát đẹp nhất),True,True,True,True,False,False,95.0,True
FD016,Quán Bánh Xèo Tép Bông Điên Điển Cầu Số 10,Bánh xèo miền Tây,,"Cầu Số 10, Tri Tôn, An Giang",Thị trấn Tri Tôn,Tri Tôn,An Giang,10.4115,105.0055,"https://maps.google.com/?q=10.4115,105.0055",,,OPERATIONAL,14:00 - 20:00,30k - 50k,4.7,740,,,,"tri ton, thị trấn tri tôn, attractions_nature, bay nui, quán bánh xèo tép bông điên điển cầu số 10, that son, an giang",,,"tri tôn, bảy núi, an giang, Tri Tôn, attractions_nature",quan-banh-xeo-tep-bong-dien-dien-cau-so-10,"tri ton, thị trấn tri tôn, attractions_nature, bay nui, quán bánh xèo tép bông điên điển cầu số 10, that son, an giang",attractions_nature,"tri tôn, bảy núi, an giang, Tri Tôn, attractions_nature",2 - 3 giờ,Cả ngày (Chiều mát đẹp nhất),True,True,True,True,False,False,95.0,True
FD017,Quán Bò Nướng Trái Trúc Tri Tôn,Bò nướng Bảy Núi,,"Đường Hùng Vương, Thị trấn Tri Tôn, An Giang",Thị trấn Tri Tôn,Tri Tôn,An Giang,10.4126,105.0066,"https://maps.google.com/?q=10.4126,105.0066",,,OPERATIONAL,16:00 - 22:00,90k - 180k,4.7,810,,,,"tri ton, quán bò nướng trái trúc tri tôn, thị trấn tri tôn, bay nui, an giang, that son, attractions_nature",,,"tri tôn, bảy núi, an giang, Tri Tôn, attractions_nature",quan-bo-nuong-trai-truc-tri-ton,"tri ton, quán bò nướng trái trúc tri tôn, thị trấn tri tôn, bay nui, an giang, that son, attractions_nature",attractions_nature,"tri tôn, bảy núi, an giang, Tri Tôn, attractions_nature",2 - 3 giờ,Cả ngày (Chiều mát đẹp nhất),True,True,True,True,False,False,95.0,True
CF001,Ruộng Coffee & Homestay Tri Tôn,Quán Cà Phê & Homestay,,"Đường vào Hồ Soài Chék, Xã Núi Tô, Tri Tôn, An Giang",Xã Núi Tô,Tri Tôn,An Giang,10.415,105.018,"https://maps.google.com/?q=10.415,105.018",,,OPERATIONAL,06:30 - 18:30,20k - 45k,4.6,860,,,,"tri ton, xã núi tô, bay nui, cafes_and_homestays, that son, an giang, ruộng coffee & homestay tri tôn",,,"tri tôn, cafes_and_homestays, Núi Tô, bảy núi, an giang",ruong-coffee-homestay-tri-ton,"tri ton, xã núi tô, bay nui, cafes_and_homestays, that son, an giang, ruộng coffee & homestay tri tôn",cafes_and_homestays,"tri tôn, cafes_and_homestays, Núi Tô, bảy núi, an giang",1 - 2 giờ,Chiều (15:00 - 17:30),True,True,True,True,True,False,95.0,True
CF002,Windy Hill Coffee & Homestay Tri Tôn,Quán Cà Phê & Homestay,,"Khu du lịch Hồ Soài Chék, Xã Núi Tô, Tri Tôn, An Giang",Xã Núi Tô,Tri Tôn,An Giang,10.417,105.0195,"https://maps.google.com/?q=10.417,105.0195",,,OPERATIONAL,06:00 - 20:00,25k - 55k,4.7,720,,,,"tri ton, xã núi tô, bay nui, cafes_and_homestays, windy hill coffee & homestay tri tôn, that son, an giang",,,"tri tôn, cafes_and_homestays, Núi Tô, bảy núi, an giang",windy-hill-coffee-homestay-tri-ton,"tri ton, xã núi tô, bay nui, cafes_and_homestays, windy hill coffee & homestay tri tôn, that son, an giang",cafes_and_homestays,"tri tôn, cafes_and_homestays, Núi Tô, bảy núi, an giang",1 - 2 giờ,Chiều (15:00 - 17:30),True,True,True,True,True,False,95.0,True
CF003,CHẠM Coffee & Tea Tri Tôn,Quán Cà Phê,,"120 Hùng Vương, Thị trấn Tri Tôn, Tri Tôn, An Giang",Thị trấn Tri Tôn,Tri Tôn,An Giang,10.4128,105.0068,"https://maps.google.com/?q=10.4128,105.0068",,,OPERATIONAL,07:00 - 22:00,20k - 45k,4.6,510,,,,"tri ton, thị trấn tri tôn, bay nui, cafes_and_homestays, chạm coffee & tea tri tôn, that son, an giang",,,"tri tôn, cafes_and_homestays, bảy núi, Tri Tôn, an giang",cham-coffee-tea-tri-ton,"tri ton, thị trấn tri tôn, bay nui, cafes_and_homestays, chạm coffee & tea tri tôn, that son, an giang",cafes_and_homestays,"tri tôn, cafes_and_homestays, bảy núi, Tri Tôn, an giang",1 - 2 giờ,Chiều (15:00 - 17:30),True,True,True,True,True,False,95.0,True
CF004,Anpalm Cafe Tri Tôn,Quán Cà Phê,,"Đường Trần Hưng Đạo, Thị trấn Tri Tôn, Tri Tôn, An Giang",Thị trấn Tri Tôn,Tri Tôn,An Giang,10.4125,105.0075,"https://maps.google.com/?q=10.4125,105.0075",,,OPERATIONAL,07:00 - 22:00,25k - 50k,4.5,520,,,,"tri ton, thị trấn tri tôn, bay nui, cafes_and_homestays, that son, anpalm cafe tri tôn, an giang",,,"tri tôn, cafes_and_homestays, bảy núi, Tri Tôn, an giang",anpalm-cafe-tri-ton,"tri ton, thị trấn tri tôn, bay nui, cafes_and_homestays, that son, anpalm cafe tri tôn, an giang",cafes_and_homestays,"tri tôn, cafes_and_homestays, bảy núi, Tri Tôn, an giang",1 - 2 giờ,Chiều (15:00 - 17:30),True,True,True,True,True,False,95.0,True
CF005,Tiệm Cà Phê Nhà Quê,Quán Cà Phê,,"Cầu Số 10, Xã Tà Đảnh / Tri Tôn, An Giang",Thị trấn Tri Tôn,Tri Tôn,An Giang,10.411,105.005,"https://maps.google.com/?q=10.411,105.005",,,OPERATIONAL,06:30 - 21:00,15k - 35k,4.5,640,,,,"tri ton, thị trấn tri tôn, tiệm cà phê nhà quê, bay nui, cafes_and_homestays, that son, an giang",,,"tri tôn, cafes_and_homestays, bảy núi, Tri Tôn, an giang",tiem-ca-phe-nha-que,"tri ton, thị trấn tri tôn, tiệm cà phê nhà quê, bay nui, cafes_and_homestays, that son, an giang",cafes_and_homestays,"tri tôn, cafes_and_homestays, bảy núi, Tri Tôn, an giang",1 - 2 giờ,Chiều (15:00 - 17:30),True,True,True,True,True,False,95.0,True
CF006,An Sơn Trà Quán,Quán Cà Phê,,"Gần Suối Vàng Soài So, Thị trấn Tri Tôn, An Giang",Thị trấn Tri Tôn,Tri Tôn,An Giang,10.406,105.023,"https://maps.google.com/?q=10.406,105.023",,,OPERATIONAL,07:00 - 21:00,20k - 40k,4.6,410,,,,"tri ton, thị trấn tri tôn, bay nui, an sơn trà quán, cafes_and_homestays, that son, an giang",,,"tri tôn, cafes_and_homestays, bảy núi, Tri Tôn, an giang",an-son-tra-quan,"tri ton, thị trấn tri tôn, bay nui, an sơn trà quán, cafes_and_homestays, that son, an giang",cafes_and_homestays,"tri tôn, cafes_and_homestays, bảy núi, Tri Tôn, an giang",1 - 2 giờ,Chiều (15:00 - 17:30),True,True,True,True,True,False,95.0,True
CF007,NY Coffee & Tea Tri Tôn,Quán Cà Phê,,"66 Trần Phú, Thị trấn Tri Tôn, An Giang",Thị trấn Tri Tôn,Tri Tôn,An Giang,10.414,105.006,"https://maps.google.com/?q=10.414,105.006",,,OPERATIONAL,07:00 - 21:30,20k - 40k,4.4,380,,,,"tri ton, thị trấn tri tôn, ny coffee & tea tri tôn, bay nui, cafes_and_homestays, that son, an giang",,,"tri tôn, cafes_and_homestays, bảy núi, Tri Tôn, an giang",ny-coffee-tea-tri-ton,"tri ton, thị trấn tri tôn, ny coffee & tea tri tôn, bay nui, cafes_and_homestays, that son, an giang",cafes_and_homestays,"tri tôn, cafes_and_homestays, bảy núi, Tri Tôn, an giang",1 - 2 giờ,Chiều (15:00 - 17:30),True,True,True,True,True,False,95.0,True
CF008,Mây Coffee & Tea Hồ Soài Chék,Quán Cà Phê,,"Ven bờ Hồ Soài Chék, Xã Núi Tô, Tri Tôn, An Giang",Xã Núi Tô,Tri Tôn,An Giang,10.4165,105.0185,"https://maps.google.com/?q=10.4165,105.0185",,,OPERATIONAL,06:30 - 18:30,20k - 40k,4.5,340,,,,"tri ton, xã núi tô, bay nui, cafes_and_homestays, mây coffee & tea hồ soài chék, that son, an giang",,,"tri tôn, cafes_and_homestays, Núi Tô, bảy núi, an giang",may-coffee-tea-ho-soai-chek,"tri ton, xã núi tô, bay nui, cafes_and_homestays, mây coffee & tea hồ soài chék, that son, an giang",cafes_and_homestays,"tri tôn, cafes_and_homestays, Núi Tô, bảy núi, an giang",1 - 2 giờ,Chiều (15:00 - 17:30),True,True,True,True,True,False,95.0,True
CF009,Quy Coffee House Tri Tôn,Quán Cà Phê,,"Thị trấn Tri Tôn, Tri Tôn, An Giang",Thị trấn Tri Tôn,Tri Tôn,An Giang,10.413,105.007,"https://maps.google.com/?q=10.413,105.007",,,OPERATIONAL,06:00 - 22:00,18k - 40k,4.5,490,,,,"tri ton, thị trấn tri tôn, quy coffee house tri tôn, bay nui, cafes_and_homestays, that son, an giang",,,"tri tôn, cafes_and_homestays, bảy núi, Tri Tôn, an giang",quy-coffee-house-tri-ton,"tri ton, thị trấn tri tôn, quy coffee house tri tôn, bay nui, cafes_and_homestays, that son, an giang",cafes_and_homestays,"tri tôn, cafes_and_homestays, bảy núi, Tri Tôn, an giang",1 - 2 giờ,Chiều (15:00 - 17:30),True,True,True,True,True,False,95.0,True
CF010,Quán Cà Phê Mùa Gió Lên Hồ Soài So,Quán Cà Phê,,"Khu vực Hồ Soài So, Thị trấn Tri Tôn, An Giang",Thị trấn Tri Tôn,Tri Tôn,An Giang,10.4065,105.0245,"https://maps.google.com/?q=10.4065,105.0245",,,OPERATIONAL,07:00 - 18:00,20k - 40k,4.5,310,,,,"tri ton, thị trấn tri tôn, bay nui, cafes_and_homestays, that son, quán cà phê mùa gió lên hồ soài so, an giang",,,"tri tôn, cafes_and_homestays, bảy núi, Tri Tôn, an giang",quan-ca-phe-mua-gio-len-ho-soai-so,"tri ton, thị trấn tri tôn, bay nui, cafes_and_homestays, that son, quán cà phê mùa gió lên hồ soài so, an giang",cafes_and_homestays,"tri tôn, cafes_and_homestays, bảy núi, Tri Tôn, an giang",1 - 2 giờ,Chiều (15:00 - 17:30),True,True,True,True,True,False,95.0,True
CF011,Lang Lang Coffee & Tea,Quán Cà Phê,,"Đường Trần Hưng Đạo, Thị trấn Tri Tôn, An Giang",Thị trấn Tri Tôn,Tri Tôn,An Giang,10.412,105.008,"https://maps.google.com/?q=10.412,105.008",,,OPERATIONAL,07:00 - 21:30,20k - 38k,4.4,270,,,,"tri ton, thị trấn tri tôn, bay nui, cafes_and_homestays, that son, lang lang coffee & tea, an giang",,,"tri tôn, cafes_and_homestays, bảy núi, Tri Tôn, an giang",lang-lang-coffee-tea,"tri ton, thị trấn tri tôn, bay nui, cafes_and_homestays, that son, lang lang coffee & tea, an giang",cafes_and_homestays,"tri tôn, cafes_and_homestays, bảy núi, Tri Tôn, an giang",1 - 2 giờ,Chiều (15:00 - 17:30),True,True,True,True,True,False,95.0,True
CF012,Tuyết Anh Homestay & Coffee,Homestay,,"86 Nguyễn Thị Minh Khai, Thị trấn Tri Tôn, An Giang",Thị trấn Tri Tôn,Tri Tôn,An Giang,10.411,105.0095,"https://maps.google.com/?q=10.411,105.0095",,,OPERATIONAL,24/7,250k - 450k,4.6,390,,,,"tri ton, thị trấn tri tôn, bay nui, cafes_and_homestays, tuyết anh homestay & coffee, that son, an giang",,,"tri tôn, cafes_and_homestays, bảy núi, Tri Tôn, an giang",tuyet-anh-homestay-coffee,"tri ton, thị trấn tri tôn, bay nui, cafes_and_homestays, tuyết anh homestay & coffee, that son, an giang",cafes_and_homestays,"tri tôn, cafes_and_homestays, bảy núi, Tri Tôn, an giang",1 - 2 giờ,Chiều (15:00 - 17:30),True,True,True,True,True,False,95.0,True
CF013,Rồng Vàng Resort Tri Tôn,Resort,,"19 Nguyễn Thị Minh Khai, Thị trấn Tri Tôn, An Giang",Thị trấn Tri Tôn,Tri Tôn,An Giang,10.41,105.01,"https://maps.google.com/?q=10.41,105.01",,,OPERATIONAL,24/7,500k - 900k,4.5,620,,,,"tri ton, thị trấn tri tôn, bay nui, an giang, that son, rồng vàng resort tri tôn, attractions_nature",,,"tri tôn, bảy núi, an giang, Tri Tôn, attractions_nature",rong-vang-resort-tri-ton,"tri ton, thị trấn tri tôn, bay nui, an giang, that son, rồng vàng resort tri tôn, attractions_nature",attractions_nature,"tri tôn, bảy núi, an giang, Tri Tôn, attractions_nature",2 - 3 giờ,Cả ngày (Chiều mát đẹp nhất),True,True,True,True,False,False,95.0,True
EV001,Lễ Hội Đua Bò Bảy Núi Tri Tôn,Lễ hội Khmer,,"Sân đua bò Tri Tôn, An Giang",Thị trấn Tri Tôn,Tri Tôn,An Giang,10.412,105.008,"https://maps.google.com/?q=10.412,105.008",,,OPERATIONAL,Lễ Sene Dolta,Miễn phí,4.9,2500,,,,"tri ton, thị trấn tri tôn, bay nui, lễ hội đua bò bảy núi tri tôn, an giang, that son, attractions_nature",,,"tri tôn, bảy núi, an giang, Tri Tôn, attractions_nature",le-hoi-dua-bo-bay-nui-tri-ton,"tri ton, thị trấn tri tôn, bay nui, lễ hội đua bò bảy núi tri tôn, an giang, that son, attractions_nature",attractions_nature,"tri tôn, bảy núi, an giang, Tri Tôn, attractions_nature",2 - 3 giờ,Cả ngày (Chiều mát đẹp nhất),True,True,True,True,False,False,95.0,True
EV002,Nghệ Thuật Viết Kinh Lá Buông Chùa Xà Tón,Di sản Quốc gia,,"Chùa Xà Tón, Khóm 3, Thị trấn Tri Tôn, Tri Tôn, An Giang",Thị trấn Tri Tôn,Tri Tôn,An Giang,10.4132,105.0088,"https://maps.google.com/?q=10.4132,105.0088",,,OPERATIONAL,08:00 - 17:00,Miễn phí,4.8,980,,,,"tri ton, thị trấn tri tôn, bay nui, khmer_pagodas_heritage, that son, an giang, nghệ thuật viết kinh lá buông chùa xà tón",,,"tri tôn, bảy núi, khmer_pagodas_heritage, Tri Tôn, an giang",nghe-thuat-viet-kinh-la-buong-chua-xa-ton,"tri ton, thị trấn tri tôn, bay nui, khmer_pagodas_heritage, that son, an giang, nghệ thuật viết kinh lá buông chùa xà tón",khmer_pagodas_heritage,"tri tôn, bảy núi, khmer_pagodas_heritage, Tri Tôn, an giang",1 - 1.5 giờ,Sáng sớm (07:00 - 09:30),True,True,True,True,False,False,95.0,True
TT_083,Nhà hàng Gà Đốt Ô Thum Siêu Bó,food_and_restaurants,,"Khu vực Hồ Ô Thum, Xã Ô Lâm, An Giang",Xã Ô Lâm,Tri Tôn,An Giang,10.3775,104.9921,"https://maps.google.com/?q=10.3775,104.9921",,,OPERATIONAL,08:00 - 20:00,Tùy món / Dịch vụ,4.6,1420,,,,"xã ô lâm, tri ton, bay nui, food_and_restaurants, nhà hàng gà đốt ô thum siêu bó, that son, an giang",Nhà hàng phục vụ gà đốt lá chúc nướng niêu đất truyền thống tại bờ hồ Ô Thum.,Nhà hàng phục vụ gà đốt lá chúc nướng niêu đất truyền thống tại bờ hồ Ô Thum.,"tri tôn, food_and_restaurants, Ô Lâm, bảy núi, an giang",nha-hang-ga-dot-o-thum-sieu-bo,"xã ô lâm, tri ton, bay nui, food_and_restaurants, nhà hàng gà đốt ô thum siêu bó, that son, an giang",food_and_restaurants,"tri tôn, food_and_restaurants, Ô Lâm, bảy núi, an giang",45 - 60 phút,Trưa (11:00 - 13:30) & Tối (17:30 - 20:00),True,True,True,True,True,False,95.0,True
TT_084,Nhà hàng Bò 7 Món Ba Chúc,food_and_restaurants,,"Tỉnh lộ 955N, Thị trấn Ba Chúc, An Giang",Thị trấn Ba Chúc,Tri Tôn,An Giang,10.496,104.909,"https://maps.google.com/?q=10.496,104.909",,,OPERATIONAL,08:00 - 20:00,Tùy món / Dịch vụ,4.6,670,,,,"tri ton, bay nui, food_and_restaurants, nhà hàng bò 7 món ba chúc, thị trấn ba chúc, that son, an giang",Nhà hàng thịt bò Bảy Núi nướng bơ tỏi và lẩu bò trái trúc thơm lừng.,Nhà hàng thịt bò Bảy Núi nướng bơ tỏi và lẩu bò trái trúc thơm lừng.,"tri tôn, food_and_restaurants, bảy núi, Ba Chúc, an giang",nha-hang-bo-7-mon-ba-chuc,"tri ton, bay nui, food_and_restaurants, nhà hàng bò 7 món ba chúc, thị trấn ba chúc, that son, an giang",food_and_restaurants,"tri tôn, food_and_restaurants, bảy núi, Ba Chúc, an giang",45 - 60 phút,Trưa (11:00 - 13:30) & Tối (17:30 - 20:00),True,True,True,True,True,False,95.0,True
TT_085,Quán Bún Nước Lèo Tri Tôn Chị Tư,food_and_restaurants,,"Đường Trần Hưng Đạo, Khóm 3, Thị trấn Tri Tôn, An Giang",Thị trấn Tri Tôn,Tri Tôn,An Giang,10.4128,105.0065,"https://maps.google.com/?q=10.4128,105.0065",,,OPERATIONAL,08:00 - 20:00,Tùy món / Dịch vụ,4.8,650,,,,"quán bún nước lèo tri tôn chị tư, thị trấn tri tôn, tri ton, bay nui, food_and_restaurants, that son, an giang",Quán bún nước lèo cá lóc đồng mắm bò hóc truyền thống kèm heo quay.,Quán bún nước lèo cá lóc đồng mắm bò hóc truyền thống kèm heo quay.,"tri tôn, food_and_restaurants, bảy núi, Tri Tôn, an giang",quan-bun-nuoc-leo-tri-ton-chi-tu,"quán bún nước lèo tri tôn chị tư, thị trấn tri tôn, tri ton, bay nui, food_and_restaurants, that son, an giang",food_and_restaurants,"tri tôn, food_and_restaurants, bảy núi, Tri Tôn, an giang",45 - 60 phút,Trưa (11:00 - 13:30) & Tối (17:30 - 20:00),True,True,True,True,True,False,95.0,True
TT_086,Lò Đường Thốt Nốt Nguyên Chất Châu Lăng - Út Huệ,food_and_restaurants,,"Tỉnh lộ 948, Xã Châu Lăng, An Giang",Xã Châu Lăng,Tri Tôn,An Giang,10.435,104.985,"https://maps.google.com/?q=10.435,104.985",,,OPERATIONAL,08:00 - 20:00,Tùy món / Dịch vụ,4.9,340,,,,"tri ton, xã châu lăng, bay nui, an giang, that son, lò đường thốt nốt nguyên chất châu lăng - út huệ, attractions_nature",Lò thắng đường thốt nốt mật ngào dẻo thủ công chính gốc.,Lò thắng đường thốt nốt mật ngào dẻo thủ công chính gốc.,"attractions_nature, tri tôn, bảy núi, Châu Lăng, an giang",lo-duong-thot-not-nguyen-chat-chau-lang-ut-hue,"tri ton, xã châu lăng, bay nui, an giang, that son, lò đường thốt nốt nguyên chất châu lăng - út huệ, attractions_nature",attractions_nature,"attractions_nature, tri tôn, bảy núi, Châu Lăng, an giang",2 - 3 giờ,Cả ngày (Chiều mát đẹp nhất),True,True,True,True,False,False,95.0,True
TT_087,Tiệm Bánh Bò Thốt Nốt Nướng Chợ Tri Tôn,food_and_restaurants,,"Khu ẩm thực Chợ Tri Tôn, Thị trấn Tri Tôn, An Giang",Thị trấn Tri Tôn,Tri Tôn,An Giang,10.412,105.006,"https://maps.google.com/?q=10.412,105.006",,,OPERATIONAL,08:00 - 20:00,Tùy món / Dịch vụ,4.8,480,,,,"tri ton, tiệm bánh bò thốt nốt nướng chợ tri tôn, thị trấn tri tôn, bay nui, an giang, that son, attractions_nature",Bánh bò thốt nốt nướng ngào nước cốt dừa dẻo thơm.,Bánh bò thốt nốt nướng ngào nước cốt dừa dẻo thơm.,"tri tôn, bảy núi, an giang, Tri Tôn, attractions_nature",tiem-banh-bo-thot-not-nuong-cho-tri-ton,"tri ton, tiệm bánh bò thốt nốt nướng chợ tri tôn, thị trấn tri tôn, bay nui, an giang, that son, attractions_nature",attractions_nature,"tri tôn, bảy núi, an giang, Tri Tôn, attractions_nature",2 - 3 giờ,Cả ngày (Chiều mát đẹp nhất),True,True,True,True,False,False,95.0,True
TT_088,Cà Phê Suối Tri Tôn View Núi Cô Tô,cafes_and_homestays,,"Khu vực Hồ Soài So, Thị trấn Cô Tô, An Giang",Thị trấn Cô Tô,Tri Tôn,An Giang,10.385,105.012,"https://maps.google.com/?q=10.385,105.012",,,OPERATIONAL,08:00 - 20:00,Tùy món / Dịch vụ,4.6,360,,,,"tri ton, thị trấn cô tô, cà phê suối tri tôn view núi cô tô, bay nui, cafes_and_homestays, that son, an giang",Quán cà phê suối tự nhiên nước mát lạnh góc view chân núi Cô Tô.,Quán cà phê suối tự nhiên nước mát lạnh góc view chân núi Cô Tô.,"tri tôn, cafes_and_homestays, bảy núi, Cô Tô, an giang",ca-phe-suoi-tri-ton-view-nui-co-to,"tri ton, thị trấn cô tô, cà phê suối tri tôn view núi cô tô, bay nui, cafes_and_homestays, that son, an giang",cafes_and_homestays,"tri tôn, cafes_and_homestays, bảy núi, Cô Tô, an giang",1 - 2 giờ,Chiều (15:00 - 17:30),True,True,True,True,True,False,95.0,True
TT_090,Soài Chek Homestay & Coffee,cafes_and_homestays,,"Ấp Kè Sen, Xã Núi Tô, An Giang",Xã Núi Tô,Tri Tôn,An Giang,10.411,105.018,"https://maps.google.com/?q=10.411,105.018",,,OPERATIONAL,08:00 - 20:00,Tùy món / Dịch vụ,4.7,450,,,,"tri ton, xã núi tô, soài chek homestay & coffee, bay nui, cafes_and_homestays, that son, an giang",Homestay sân vườn không gian thoáng đãng view hồ Soài Chek.,Homestay sân vườn không gian thoáng đãng view hồ Soài Chek.,"tri tôn, cafes_and_homestays, Núi Tô, bảy núi, an giang",soai-chek-homestay-coffee,"tri ton, xã núi tô, soài chek homestay & coffee, bay nui, cafes_and_homestays, that son, an giang",cafes_and_homestays,"tri tôn, cafes_and_homestays, Núi Tô, bảy núi, an giang",1 - 2 giờ,Chiều (15:00 - 17:30),True,True,True,True,True,False,95.0,True
TT_091,Nhà Nghi & Khách Sạn Triệu Gia Tri Tôn,cafes_and_homestays,,"Đường Tran Hung Dao, Thị trấn Tri Tôn, An Giang",Thị trấn Tri Tôn,Tri Tôn,An Giang,10.415,105.008,"https://maps.google.com/?q=10.415,105.008",,,OPERATIONAL,08:00 - 20:00,Tùy món / Dịch vụ,4.4,310,,,,"tri ton, thị trấn tri tôn, bay nui, cafes_and_homestays, nhà nghi & khách sạn triệu gia tri tôn, that son, an giang",Khách sạn phòng sạch sẽ tiện nghi trung tâm Thị trấn Tri Tôn.,Khách sạn phòng sạch sẽ tiện nghi trung tâm Thị trấn Tri Tôn.,"tri tôn, cafes_and_homestays, bảy núi, Tri Tôn, an giang",nha-nghi-khach-san-trieu-gia-tri-ton,"tri ton, thị trấn tri tôn, bay nui, cafes_and_homestays, nhà nghi & khách sạn triệu gia tri tôn, that son, an giang",cafes_and_homestays,"tri tôn, cafes_and_homestays, bảy núi, Tri Tôn, an giang",1 - 2 giờ,Chiều (15:00 - 17:30),True,True,True,True,True,False,95.0,True
TT_092,Chùa Xvayton (Chùa Cũ 500 năm),khmer_pagodas_heritage,,"Khóm 3, Thị trấn Tri Tôn, An Giang",Thị trấn Tri Tôn,Tri Tôn,An Giang,10.4132,105.0088,"https://maps.google.com/?q=10.4132,105.0088",,,OPERATIONAL,08:00 - 20:00,Tùy món / Dịch vụ,4.8,1250,,,,"tri ton, thị trấn tri tôn, bay nui, chùa xvayton (chùa cũ 500 năm), khmer_pagodas_heritage, that son, an giang",Ngôi chùa Khmer cổ nhất An Giang lưu giữ nhiều bộ kinh lá buông độc đáo.,Ngôi chùa Khmer cổ nhất An Giang lưu giữ nhiều bộ kinh lá buông độc đáo.,"tri tôn, bảy núi, khmer_pagodas_heritage, Tri Tôn, an giang",chua-xvayton-chua-cu-500-nam,"tri ton, thị trấn tri tôn, bay nui, chùa xvayton (chùa cũ 500 năm), khmer_pagodas_heritage, that son, an giang",khmer_pagodas_heritage,"tri tôn, bảy núi, khmer_pagodas_heritage, Tri Tôn, an giang",1 - 1.5 giờ,Sáng sớm (07:00 - 09:30),True,True,True,True,False,False,95.0,True
TT_093,Chùa Tà Pạ,khmer_pagodas_heritage,,"Ngọn đồi Tà Pạ, Xã Núi Tô, An Giang",Xã Núi Tô,Tri Tôn,An Giang,10.4225,105.0125,"https://maps.google.com/?q=10.4225,105.0125",,,OPERATIONAL,08:00 - 20:00,Tùy món / Dịch vụ,4.7,980,,,,"tri ton, xã núi tô, chùa tà pạ, bay nui, khmer_pagodas_heritage, that son, an giang",Ngôi chùa Khmer trên ngọn đồi Tà Pạ có kiến trúc tháp nhọn uy nghi.,Ngôi chùa Khmer trên ngọn đồi Tà Pạ có kiến trúc tháp nhọn uy nghi.,"tri tôn, Núi Tô, bảy núi, khmer_pagodas_heritage, an giang",chua-ta-pa,"tri ton, xã núi tô, chùa tà pạ, bay nui, khmer_pagodas_heritage, that son, an giang",khmer_pagodas_heritage,"tri tôn, Núi Tô, bảy núi, khmer_pagodas_heritage, an giang",1 - 1.5 giờ,Sáng sớm (07:00 - 09:30),True,True,True,True,False,False,95.0,True
TT_094,Khu Du Lịch Núi Cô Tô (Phụng Hoàng Sơn),attractions_nature,,"Thị trấn Cô Tô, An Giang",Thị trấn Cô Tô,Tri Tôn,An Giang,10.384,105.008,"https://maps.google.com/?q=10.384,105.008",,,OPERATIONAL,08:00 - 20:00,Tùy món / Dịch vụ,4.7,2100,,,,"tri ton, thị trấn cô tô, bay nui, khu du lịch núi cô tô (phụng hoàng sơn), an giang, that son, attractions_nature",Ngọn núi cao 614m danh sơn Thất Sơn Bảy Núi có Hồ Soài So và suối Ô Tà Sóc.,Ngọn núi cao 614m danh sơn Thất Sơn Bảy Núi có Hồ Soài So và suối Ô Tà Sóc.,"attractions_nature, tri tôn, bảy núi, Cô Tô, an giang",khu-du-lich-nui-co-to-phung-hoang-son,"tri ton, thị trấn cô tô, bay nui, khu du lịch núi cô tô (phụng hoàng sơn), an giang, that son, attractions_nature",attractions_nature,"attractions_nature, tri tôn, bảy núi, Cô Tô, an giang",2 - 3 giờ,Cả ngày (Chiều mát đẹp nhất),True,True,True,True,False,False,95.0,True
TT_095,Hồ Tà Pạ,attractions_nature,,"Xã Núi Tô, An Giang",Xã Núi Tô,Tri Tôn,An Giang,10.4216,105.0118,"https://maps.google.com/?q=10.4216,105.0118",,,OPERATIONAL,08:00 - 20:00,Tùy món / Dịch vụ,4.7,2850,,,,"tri ton, xã núi tô, hồ tà pạ, bay nui, an giang, that son, attractions_nature",Hồ nước xanh trong ngọc tuyệt đẹp được mệnh danh là Tuyệt Tình Cốc Bảy Núi.,Hồ nước xanh trong ngọc tuyệt đẹp được mệnh danh là Tuyệt Tình Cốc Bảy Núi.,"attractions_nature, tri tôn, Núi Tô, bảy núi, an giang",ho-ta-pa,"tri ton, xã núi tô, hồ tà pạ, bay nui, an giang, that son, attractions_nature",attractions_nature,"attractions_nature, tri tôn, Núi Tô, bảy núi, an giang",2 - 3 giờ,Cả ngày (Chiều mát đẹp nhất),True,True,True,True,False,False,95.0,True
TT_096,Hồ Soài So,attractions_nature,,"Chân núi Cô Tô, Thị trấn Cô Tô, An Giang",Thị trấn Cô Tô,Tri Tôn,An Giang,10.386,105.011,"https://maps.google.com/?q=10.386,105.011",,,OPERATIONAL,08:00 - 20:00,Tùy món / Dịch vụ,4.6,1340,,,,"tri ton, thị trấn cô tô, bay nui, an giang, that son, hồ soài so, attractions_nature",Hồ thủy lợi thơ mộng soi bóng dãy núi Phụng Hoàng Sơn.,Hồ thủy lợi thơ mộng soi bóng dãy núi Phụng Hoàng Sơn.,"attractions_nature, tri tôn, bảy núi, Cô Tô, an giang",ho-soai-so,"tri ton, thị trấn cô tô, bay nui, an giang, that son, hồ soài so, attractions_nature",attractions_nature,"attractions_nature, tri tôn, bảy núi, Cô Tô, an giang",2 - 3 giờ,Cả ngày (Chiều mát đẹp nhất),True,True,True,True,False,False,95.0,True
TT_097,Khu Di Tích Lịch Sử Đồi Tức Dụp,attractions_nature,,"Ấp Ninh Hòa, Xã An Tức, An Giang",Xã An Tức,Tri Tôn,An Giang,10.3702,104.9667,"https://maps.google.com/?q=10.3702,104.9667",,,OPERATIONAL,08:00 - 20:00,Tùy món / Dịch vụ,4.6,3100,,,,"tri ton, khu di tích lịch sử đồi tức dụp, bay nui, xã an tức, khmer_pagodas_heritage, that son, an giang",Ngọn đồi 2 triệu đô căn cứ kháng chiến kiên cường với hệ thống hang đá huyền bí.,Ngọn đồi 2 triệu đô căn cứ kháng chiến kiên cường với hệ thống hang đá huyền bí.,"An Tức, tri tôn, bảy núi, khmer_pagodas_heritage, an giang",khu-di-tich-lich-su-doi-tuc-dup,"tri ton, khu di tích lịch sử đồi tức dụp, bay nui, xã an tức, khmer_pagodas_heritage, that son, an giang",khmer_pagodas_heritage,"An Tức, tri tôn, bảy núi, khmer_pagodas_heritage, an giang",1 - 1.5 giờ,Sáng sớm (07:00 - 09:30),True,True,True,True,False,False,95.0,True
TT_098,Cánh Đồng Thốt Nốt Trái Tim An Tức,checkin_spots,,"Xã An Tức, An Giang",Xã An Tức,Tri Tôn,An Giang,10.371,104.975,"https://maps.google.com/?q=10.371,104.975",,,OPERATIONAL,08:00 - 20:00,Tùy món / Dịch vụ,4.7,1890,,,,"tri ton, cánh đồng thốt nốt trái tim an tức, bay nui, xã an tức, checkin_spots, that son, an giang",Hàng cây thốt nốt tự nhiên tạo thành hình trái tim độc đáo giữa cánh đồng.,Hàng cây thốt nốt tự nhiên tạo thành hình trái tim độc đáo giữa cánh đồng.,"An Tức, tri tôn, checkin_spots, bảy núi, an giang",canh-dong-thot-not-trai-tim-an-tuc,"tri ton, cánh đồng thốt nốt trái tim an tức, bay nui, xã an tức, checkin_spots, that son, an giang",checkin_spots,"An Tức, tri tôn, checkin_spots, bảy núi, an giang",30 - 45 phút,Sáng (07:30 - 09:00) & Hoàng hôn (16:30 - 17:30),True,True,True,True,False,False,95.0,True
TT_099,Cổng Trời Tri Tôn (Cổng Chùa Koh Kas),checkin_spots,,"Ấp An Hòa, Xã Châu Lăng, An Giang",Xã Châu Lăng,Tri Tôn,An Giang,10.438,104.981,"https://maps.google.com/?q=10.438,104.981",,,OPERATIONAL,08:00 - 20:00,Tùy món / Dịch vụ,4.8,2450,,,,"tri ton, xã châu lăng, bay nui, khmer_pagodas_heritage, that son, cổng trời tri tôn (cổng chùa koh kas), an giang",Cổng chùa Khmer cổ hoa văn tinh xảo đứng trần giữa đồng lúa.,Cổng chùa Khmer cổ hoa văn tinh xảo đứng trần giữa đồng lúa.,"tri tôn, bảy núi, Châu Lăng, khmer_pagodas_heritage, an giang",cong-troi-tri-ton-cong-chua-koh-kas,"tri ton, xã châu lăng, bay nui, khmer_pagodas_heritage, that son, cổng trời tri tôn (cổng chùa koh kas), an giang",khmer_pagodas_heritage,"tri tôn, bảy núi, Châu Lăng, khmer_pagodas_heritage, an giang",1 - 1.5 giờ,Sáng sớm (07:00 - 09:30),True,True,True,True,False,False,95.0,True
TT_100,Chợ Trung Tâm Tri Tôn,food_and_restaurants,,"Thị trấn Tri Tôn, An Giang",Thị trấn Tri Tôn,Tri Tôn,An Giang,10.4125,105.0068,"https://maps.google.com/?q=10.4125,105.0068",,,OPERATIONAL,08:00 - 20:00,Tùy món / Dịch vụ,4.5,1120,,,,"tri ton, thị trấn tri tôn, bay nui, an giang, that son, chợ trung tâm tri tôn, attractions_nature","Chợ trung tâm sầm uất ngập tràn ẩm thực bánh bò thốt nốt, bún nước lèo.","Chợ trung tâm sầm uất ngập tràn ẩm thực bánh bò thốt nốt, bún nước lèo.","tri tôn, bảy núi, an giang, Tri Tôn, attractions_nature",cho-trung-tam-tri-ton,"tri ton, thị trấn tri tôn, bay nui, an giang, that son, chợ trung tâm tri tôn, attractions_nature",attractions_nature,"tri tôn, bảy núi, an giang, Tri Tôn, attractions_nature",2 - 3 giờ,Cả ngày (Chiều mát đẹp nhất),True,True,True,True,False,False,95.0,True
TT_101,Khu Ẩm Thực Chợ Đêm Tri Tôn,food_and_restaurants,,"Quảng trường Quảng Tế, Thị trấn Tri Tôn, An Giang",Thị trấn Tri Tôn,Tri Tôn,An Giang,10.4138,105.0075,"https://maps.google.com/?q=10.4138,105.0075",,,OPERATIONAL,08:00 - 20:00,Tùy món / Dịch vụ,4.6,780,,,,"tri ton, thị trấn tri tôn, khu ẩm thực chợ đêm tri tôn, bay nui, an giang, that son, attractions_nature","Khu phố chợ đêm sầm uất bán đồ ăn vặt thốt nốt, xiên nướng, cháo bò.","Khu phố chợ đêm sầm uất bán đồ ăn vặt thốt nốt, xiên nướng, cháo bò.","tri tôn, bảy núi, an giang, Tri Tôn, attractions_nature",khu-am-thuc-cho-dem-tri-ton,"tri ton, thị trấn tri tôn, khu ẩm thực chợ đêm tri tôn, bay nui, an giang, that son, attractions_nature",attractions_nature,"tri tôn, bảy núi, an giang, Tri Tôn, attractions_nature",2 - 3 giờ,Cả ngày (Chiều mát đẹp nhất),True,True,True,True,False,False,95.0,True
TT_103,Quán Đu Đủ Đâm & Cánh Gà Nướng Rô,food_and_restaurants,,"Tỉnh lộ 948, Xã Châu Lăng, An Giang",Xã Châu Lăng,Tri Tôn,An Giang,10.436,104.984,"https://maps.google.com/?q=10.436,104.984",,,OPERATIONAL,08:00 - 20:00,Tùy món / Dịch vụ,4.7,590,,,,"tri ton, xã châu lăng, quán đu đủ đâm & cánh gà nướng rô, bay nui, food_and_restaurants, that son, an giang",Món đu đủ đâm Khmer giòn sần sật cay chua cay ăn kèm cánh gà nướng.,Món đu đủ đâm Khmer giòn sần sật cay chua cay ăn kèm cánh gà nướng.,"tri tôn, food_and_restaurants, bảy núi, Châu Lăng, an giang",quan-du-du-dam-canh-ga-nuong-ro,"tri ton, xã châu lăng, quán đu đủ đâm & cánh gà nướng rô, bay nui, food_and_restaurants, that son, an giang",food_and_restaurants,"tri tôn, food_and_restaurants, bảy núi, Châu Lăng, an giang",45 - 60 phút,Trưa (11:00 - 13:30) & Tối (17:30 - 20:00),True,True,True,True,True,False,95.0,True
TT_104,Quán Bò Nướng Bánh Tráng Tư Liêm,food_and_restaurants,,"Nam Kỳ Khởi Nghĩa, Thị trấn Tri Tôn, An Giang",Thị trấn Tri Tôn,Tri Tôn,An Giang,10.414,105.0095,"https://maps.google.com/?q=10.414,105.0095",,,OPERATIONAL,08:00 - 20:00,Tùy món / Dịch vụ,4.6,520,,,,"tri ton, thị trấn tri tôn, attractions_nature, bay nui, quán bò nướng bánh tráng tư liêm, that son, an giang",Bò Bảy Núi nướng vỉ thơm lừng cuốn bánh tráng chấm mắm bò hóc.,Bò Bảy Núi nướng vỉ thơm lừng cuốn bánh tráng chấm mắm bò hóc.,"tri tôn, bảy núi, an giang, Tri Tôn, attractions_nature",quan-bo-nuong-banh-trang-tu-liem,"tri ton, thị trấn tri tôn, attractions_nature, bay nui, quán bò nướng bánh tráng tư liêm, that son, an giang",attractions_nature,"tri tôn, bảy núi, an giang, Tri Tôn, attractions_nature",2 - 3 giờ,Cả ngày (Chiều mát đẹp nhất),True,True,True,True,False,False,95.0,True
TT_105,Tiệm Bánh Kẹp Thốt Nốt & Bánh Cốt Dừa Chùa Cũ,food_and_restaurants,,"Trước cổng Chùa Xvayton, Thị trấn Tri Tôn, An Giang",Thị trấn Tri Tôn,Tri Tôn,An Giang,10.413,105.0085,"https://maps.google.com/?q=10.413,105.0085",,,OPERATIONAL,08:00 - 20:00,Tùy món / Dịch vụ,4.8,410,,,,"tri ton, thị trấn tri tôn, bay nui, tiệm bánh kẹp thốt nốt & bánh cốt dừa chùa cũ, khmer_pagodas_heritage, that son, an giang",Các món bánh dân gian Khmer đượm vị thốt nốt dừa tươi nướng giòn.,Các món bánh dân gian Khmer đượm vị thốt nốt dừa tươi nướng giòn.,"tri tôn, bảy núi, khmer_pagodas_heritage, Tri Tôn, an giang",tiem-banh-kep-thot-not-banh-cot-dua-chua-cu,"tri ton, thị trấn tri tôn, bay nui, tiệm bánh kẹp thốt nốt & bánh cốt dừa chùa cũ, khmer_pagodas_heritage, that son, an giang",khmer_pagodas_heritage,"tri tôn, bảy núi, khmer_pagodas_heritage, Tri Tôn, an giang",1 - 1.5 giờ,Sáng sớm (07:00 - 09:30),True,True,True,True,False,False,95.0,True
